EmployeeID,SatisfactionScore,WorkLifeBalance,Salary,YearsAtCompany,Department
1,7,3.0,73880.97136195087,26,Sales
2,4,3.0,60476.72352242386,19,IT
3,8,4.0,85936.72152104301,17,Finance
4,5,1.0,61114.188661242726,13,Operations
5,7,2.0,76464.37447291747,17,IT
6,10,4.0,60574.508812836364,4,Operations
7,3,3.0,65908.31392215868,25,Operations
8,7,2.0,58778.41828585831,8,IT
9,8,,61429.52030810905,27,Finance
10,5,4.0,62557.977905819986,2,HR
11,4,2.0,49954.0225126741,7,Operations
12,8,3.0,53983.96999615368,19,Operations
13,8,3.0,283743.3737635371,21,Finance
14,3,3.0,63445.66525203445,9,Finance
15,6,2.0,59541.31470744799,21,Sales
16,5,2.0,77595.4880073856,18,Finance
17,2,3.0,72706.77478469461,29,Operations
18,8,3.0,57055.08665961941,20,IT
19,6,4.0,80726.75846177909,27,HR
20,2,4.0,88095.30935363186,2,Sales
21,5,1.0,29342.605576168244,10,IT
22,1,3.0,73984.35127599418,10,HR
23,10,2.0,49605.23704002751,16,HR
24,6,3.0,72011.22031984948,15,HR
25,9,4.0,78573.56910969649,6,IT
26,1,2.0,46845.11108234172,3,Sales
27,10,3.0,32215.093514763594,29,Sales
28,3,2.0,72531.51132323797,22,HR
29,7,1.0,62031.03723725417,18,IT
30,4,2.0,34973.41869146058,11,HR
31,9,2.0,97943.46758194233,14,Finance
32,3,,69366.29118384828,10,Sales
33,5,3.0,70051.50060187728,4,Operations
34,3,2.0,80487.26628843072,4,HR
35,7,3.0,51287.64070730247,14,Finance
36,5,1.0,61956.81168133015,28,Sales
37,9,,40210.17129330356,17,IT
38,7,3.0,50880.77329072223,10,Sales
39,2,4.0,65784.90000703857,25,IT
40,4,2.0,35020.729993013214,11,IT
41,9,3.0,50455.656814828784,1,HR
42,2,3.0,46080.990600934194,19,HR
43,10,4.0,62131.383684305176,14,Sales
44,9,1.0,68620.51892498024,19,Finance
45,10,2.0,71132.29206564685,3,Sales
46,5,,74982.24967167227,21,Operations
47,2,3.0,80581.75269858557,17,IT
48,4,2.0,69108.6818052511,5,IT
49,7,1.0,88310.03848341623,22,HR
50,8,,61792.53781897023,26,Finance
51,3,1.0,57400.18268624178,25,HR
52,1,4.0,69109.61045040059,18,Operations
53,4,4.0,56753.83237511117,10,Sales
54,2,2.0,87788.47093162575,27,Sales
55,8,4.0,76964.75209702818,23,Finance
56,4,1.0,71254.17216299272,1,HR
57,2,2.0,61971.290160620265,26,HR
58,6,4.0,53887.842428777054,7,Operations
59,6,5.0,70519.8750685164,28,Sales
60,10,3.0,43093.53822229561,10,HR
61,4,3.0,83015.4530016153,4,Finance
62,6,2.0,57335.449419219396,17,Sales
63,2,1.0,64576.600998610935,22,Operations
64,10,1.0,46355.98385710067,29,Finance
65,2,2.0,70844.79394678833,17,IT
66,10,2.0,53193.87580742507,13,Operations
67,4,2.0,69738.43185457647,21,Finance
68,8,2.0,71360.90203466084,9,HR
69,7,2.0,50285.5182961719,2,IT
70,9,3.0,43147.06318629008,8,Operations
71,8,4.0,82978.49874816817,2,HR
72,5,2.0,57115.51448956377,10,IT
73,2,,63372.73224068458,11,Sales
74,5,5.0,67281.96786970113,11,HR
75,8,2.0,41194.498051526694,2,Finance
76,10,4.0,66939.99205229832,20,Operations
77,9,3.0,61486.89804231956,6,IT
78,9,3.0,50347.03953443413,13,HR
79,1,2.0,42651.96022743406,23,Sales
80,9,3.0,69088.28321935904,27,Operations
81,7,2.0,76915.6801229232,10,Operations
82,9,3.0,62678.857760892046,6,HR
83,8,3.0,38483.01987225469,24,Sales
84,1,4.0,44140.00774237905,20,IT
85,8,3.0,53518.144360139195,9,HR
86,8,4.0,83469.29611741126,10,IT
87,3,1.0,56298.74006851687,14,Operations
88,1,2.0,52971.466158027004,18,IT
89,8,4.0,34897.728004858276,15,Sales
90,3,2.0,50149.72814834834,21,Finance
91,3,1.0,41505.95469013754,20,Sales
92,1,2.0,44952.302536158,27,IT
93,5,2.0,61799.260202381134,19,HR
94,10,,53982.536915832345,11,Operations
95,7,3.0,85492.41679007019,17,Finance
96,10,,76170.05059061215,22,HR
97,9,3.0,50866.740932844914,12,HR
98,7,3.0,46247.73237389227,4,Sales
99,9,2.0,80739.62903496288,3,IT
100,8,3.0,84900.63734225224,27,Sales
101,2,1.0,27086.276346817016,13,IT
102,1,5.0,61392.86435957552,7,Sales
103,7,4.0,56221.82538154909,8,HR
104,7,2.0,69736.80210089905,24,Operations
105,8,,89140.02186242255,18,IT
106,5,4.0,52739.14471008303,2,Finance
107,3,4.0,29089.52228004129,4,Finance
108,8,1.0,68685.11550223896,20,HR
109,6,3.0,80849.46102906304,25,Sales
110,3,3.0,55443.60327720338,17,Sales
111,1,2.0,49424.437797905084,0,HR
112,3,1.0,53441.10891933451,7,Finance
113,5,4.0,72753.08050696852,18,Finance
114,3,1.0,53183.085880725295,16,Sales
115,1,3.0,64931.40450514268,16,IT
116,5,,60417.0437360991,10,Operations
117,10,5.0,58869.30581365851,1,IT
118,7,2.0,70519.3849012835,5,Finance
119,7,5.0,52821.30150203709,21,IT
120,9,1.0,53541.20159726581,13,Operations
121,10,1.0,71964.04274999631,2,IT
122,10,3.0,45196.120137470214,11,IT
123,3,2.0,46796.69713766509,3,IT
124,7,2.0,41095.2856298461,11,IT
125,1,3.0,72735.1636991483,12,HR
126,4,2.0,58421.44547878099,1,Finance
127,4,2.0,40295.772808814,1,Operations
128,5,3.0,72807.12843463603,14,Finance
129,7,4.0,51666.867576368466,22,HR
130,7,3.0,46924.828817446716,28,HR
131,4,2.0,57064.82161684572,16,HR
132,7,3.0,82180.85414201838,6,HR
133,3,2.0,54075.56705255144,29,IT
134,6,1.0,68630.08296173377,27,Finance
135,2,4.0,70906.20030676431,13,Sales
136,10,2.0,66649.09947009609,11,Operations
137,9,2.0,79066.07474511393,29,HR
138,5,4.0,49393.259930515815,16,Finance
139,6,3.0,44349.977354244955,13,HR
140,4,3.0,44055.50015962508,5,HR
141,10,2.0,57832.9737705031,18,HR
142,7,2.0,45794.30013239206,23,HR
143,9,2.0,62213.11367797993,5,HR
144,7,2.0,61154.8262958734,26,Operations
145,1,4.0,75278.59954779061,17,Finance
146,1,4.0,64367.1646235406,23,HR
147,9,4.0,53757.72216207828,4,HR
148,9,4.0,66162.73806649024,23,HR
149,4,3.0,44547.08970153089,23,HR
150,9,4.0,59427.88967963524,5,IT
151,3,2.0,64791.01850393371,1,IT
152,7,3.0,61939.7639722519,7,Sales
153,6,3.0,66225.97642403976,14,HR
154,8,2.0,50339.30976430813,14,Sales
155,9,2.0,77280.47104214274,10,Operations
156,5,,87332.53424093561,21,Sales
157,1,2.0,35959.857827121086,21,Finance
158,3,1.0,41766.03006068627,23,IT
159,10,3.0,60646.245120365784,0,IT
160,8,4.0,56151.73529170689,17,HR
161,6,3.0,88446.18608659174,11,HR
162,8,4.0,63296.76485136692,11,Operations
163,9,2.0,80888.17880588936,24,Operations
164,4,3.0,29263.141703195997,10,Finance
165,1,2.0,72212.54224998527,27,HR
166,1,4.0,49267.24771112519,7,HR
167,10,3.0,49026.86145570514,27,Operations
168,4,2.0,56274.62960381814,6,Operations
169,7,1.0,38631.245404033616,22,Operations
170,2,1.0,66641.78287982779,20,IT
171,3,2.0,62860.72450075192,1,Sales
172,1,2.0,63992.883722809056,10,Sales
173,5,3.0,73305.46533199359,21,HR
174,1,3.0,82721.7306929123,9,IT
175,8,2.0,54544.33426368679,2,Operations
176,1,1.0,67160.25959604711,19,HR
177,1,1.0,64394.82312502469,28,IT
178,2,5.0,65664.21759493409,9,Finance
179,2,2.0,65888.96496698975,27,IT
180,6,4.0,83857.55016847258,26,HR
181,7,4.0,53104.8469726606,17,Sales
182,5,3.0,37113.961451944764,13,Operations
183,1,5.0,49531.89347076169,17,Finance
184,1,2.0,71359.00400303108,27,IT
185,3,,60349.94262970766,23,HR
186,2,1.0,52986.009892575064,7,HR
187,5,1.0,43852.54097385537,9,Operations
188,10,4.0,63319.29182595799,21,HR
189,6,,69667.59412910714,12,HR
190,7,4.0,64588.080826440426,20,Operations
191,4,1.0,56200.04503267581,7,Finance
192,7,2.0,62199.61926446194,3,Sales
193,8,,62112.64449836123,26,Sales
194,1,2.0,62845.453968264934,3,IT
195,6,4.0,42235.42573471319,4,Finance
196,8,4.0,62959.895259223165,0,IT
197,5,3.0,53391.052973007085,16,Sales
198,4,2.0,75609.27909014639,1,Operations
199,2,3.0,61993.77962625411,29,HR
200,6,2.0,362660.9416367169,7,Sales
201,6,5.0,55473.279194253715,6,Finance
202,1,3.0,56014.29243582812,14,Sales
203,9,5.0,82413.76869384498,25,Finance
204,6,1.0,66545.02782623262,24,Finance
205,3,,49282.28201391392,4,Finance
206,4,3.0,73454.61657930711,1,IT
207,4,1.0,52000.42899858194,6,Operations
208,3,1.0,63385.47206717284,7,Sales
209,10,4.0,87550.11946289107,27,Operations
210,3,4.0,38530.76418542919,6,HR
211,3,4.0,57363.271173501955,29,Sales
212,4,1.0,66124.07461353045,6,Operations
213,7,1.0,71470.47501997011,27,Operations
214,4,3.0,41381.49138958691,13,HR
215,9,2.0,36963.14597137473,20,Finance
216,1,3.0,76361.24027985639,17,Sales
217,8,,49193.77714794244,5,Sales
218,7,,48565.76238004027,3,HR
219,2,,83253.7450915825,9,Finance
220,8,4.0,61045.53472097734,17,Sales
221,1,2.0,61143.57341522361,11,Sales
222,9,3.0,57303.008322727015,15,Sales
223,9,3.0,41640.26899885245,24,Finance
224,2,4.0,70135.45424091582,6,HR
225,7,1.0,66141.75782888435,5,Sales
226,10,3.0,62530.369880091486,27,Operations
227,3,1.0,58255.15441085613,4,Finance
228,7,3.0,55615.2052599257,2,IT
229,10,5.0,73687.25084321122,11,HR
230,9,4.0,57880.60405190857,14,Operations
231,4,2.0,59039.08442199166,9,Sales
232,1,,67948.3973232566,25,IT
233,2,4.0,63119.41396020579,19,HR
234,1,1.0,84634.14086310659,18,Finance
235,5,2.0,33579.49833790043,15,IT
236,5,2.0,64498.61157550895,27,IT
237,7,1.0,49415.91329291747,10,Operations
238,9,,45868.701978676065,7,HR
239,9,3.0,53144.03690933478,2,Operations
240,3,5.0,60820.191127226426,22,Operations
241,3,2.0,61486.036138851145,6,Sales
242,3,1.0,37240.406764822605,22,Finance
243,4,3.0,51883.74255483271,28,IT
244,8,1.0,64218.32327214689,6,HR
245,6,3.0,46846.04323824518,13,Finance
246,8,,43278.24142925227,1,Finance
247,1,3.0,26158.015387605832,9,HR
248,8,3.0,50052.09827436962,18,Finance
249,4,2.0,42755.56201573779,25,Sales
250,1,1.0,45241.00675334913,8,Finance
251,8,1.0,55922.6954508052,15,Sales
252,4,3.0,51002.566851856536,18,IT
253,6,1.0,42506.43159211041,17,IT
254,8,2.0,28262.376521501596,8,Operations
255,4,3.0,64534.66957721464,15,Sales
256,3,2.0,71292.4082071271,12,IT
257,9,2.0,54048.825315084396,9,Finance
258,3,2.0,56013.36455318584,24,HR
259,9,,60042.15773529185,19,HR
260,2,4.0,83681.75364918378,13,Sales
261,2,3.0,36484.38309261343,11,Operations
262,2,1.0,53782.654111911455,24,Finance
263,6,,34170.4055380092,18,Sales
264,3,4.0,65434.77688103339,6,HR
265,9,2.0,57840.62409317983,22,Sales
266,4,5.0,63044.88169404116,14,Finance
267,1,2.0,62296.83843886615,15,IT
268,4,3.0,74860.62380555274,26,Finance
269,1,3.0,68071.99446852699,7,IT
270,5,2.0,72457.61936490131,9,IT
271,4,,44016.979651545844,3,IT
272,8,4.0,77897.56297462716,18,Sales
273,8,3.0,49164.55890766501,18,HR
274,7,2.0,50026.95686064029,27,Sales
275,3,1.0,64062.63866029492,20,HR
276,1,2.0,64528.77394573914,26,Finance
277,1,4.0,43922.14796651282,14,Operations
278,3,2.0,57400.810623391546,13,Finance
279,6,3.0,82323.52975304214,0,Sales
280,7,4.0,37974.95157698858,15,Sales
281,6,1.0,82278.28861519089,9,HR
282,6,4.0,56374.52322875265,18,Sales
283,6,1.0,24933.6774984727,29,IT
284,3,,39499.023997756405,21,Sales
285,6,3.0,45547.836933972096,2,HR
286,8,2.0,50641.06048825887,4,HR
287,2,2.0,58429.30112061993,8,IT
288,5,3.0,19447.79805357642,17,HR
289,1,4.0,62802.065887164805,10,Operations
290,1,4.0,44173.642375126736,15,Finance
291,5,3.0,80857.83857401588,1,Sales
292,3,1.0,55947.34918884039,11,Operations
293,4,2.0,74142.69257599095,21,Sales
294,3,1.0,76655.2346987144,5,Operations
295,1,3.0,76249.09865199325,10,Sales
296,1,5.0,51503.898855562715,26,IT
297,5,3.0,51311.997634180145,7,HR
298,6,2.0,56625.400510675274,11,HR
299,3,3.0,69543.56063068389,28,IT
300,9,4.0,52339.57095368756,26,Operations
301,5,4.0,58211.062896146286,29,Finance
302,8,5.0,64103.907245091745,1,Operations
303,1,2.0,46426.621109282,8,HR
304,5,2.0,45478.37567506323,14,Finance
305,3,5.0,57626.04177894014,1,Sales
306,1,4.0,59612.68222427462,28,Finance
307,4,2.0,66508.28220002465,0,Operations
308,5,4.0,70078.29862427333,9,IT
309,7,4.0,43514.057691425274,1,Sales
310,1,3.0,47818.72602084653,11,Operations
311,3,4.0,45438.71568655347,22,Sales
312,2,2.0,81186.71102387132,7,Finance
313,9,3.0,58195.941146961966,4,HR
314,10,3.0,60241.939428675316,21,Operations
315,6,4.0,60866.615460202695,27,IT
316,10,4.0,49264.94979423541,0,Finance
317,3,4.0,83464.04278419046,14,Operations
318,8,1.0,66165.39982228092,5,IT
319,8,4.0,60593.85794666923,11,Operations
320,2,4.0,43421.15368274151,7,Finance
321,6,4.0,42571.01262515633,12,Operations
322,7,4.0,55366.38702591347,18,Sales
323,2,4.0,49500.123096422554,26,Finance
324,10,3.0,43988.334816801726,0,Operations
325,2,3.0,54435.62970642667,10,HR
326,10,1.0,56753.57957586166,19,Operations
327,1,2.0,62126.78130690405,0,Sales
328,8,3.0,52441.20792938606,29,IT
329,1,4.0,44885.98958009953,7,IT
330,9,2.0,45406.1867101313,4,IT
331,6,1.0,78194.59093839282,16,HR
332,7,4.0,41223.634704573866,29,Sales
333,10,1.0,65447.734474369056,7,Finance
334,7,2.0,67793.19494661594,24,IT
335,10,1.0,58180.86786246497,9,Sales
336,3,2.0,86517.43587607768,1,Operations
337,2,2.0,67525.78489541549,8,HR
338,9,2.0,87643.54572456976,23,Sales
339,8,3.0,50234.039971276914,22,Sales
340,10,5.0,50490.81885159872,2,Finance
341,7,3.0,67913.05738020022,17,Sales
342,9,4.0,56078.01544021196,6,Finance
343,4,1.0,85284.98137338026,14,HR
344,4,2.0,65125.50575446406,20,HR
345,1,4.0,44331.38670214926,21,Operations
346,8,1.0,33947.75387183962,19,Finance
347,3,3.0,58826.42111485103,17,Finance
348,7,3.0,58663.153057001495,24,IT
349,2,3.0,64706.48884962581,2,IT
350,2,1.0,78160.35860633854,27,Operations
351,7,2.0,76186.69955990891,29,HR
352,6,3.0,51316.48451495351,22,IT
353,3,1.0,40592.70897293368,13,Sales
354,9,4.0,41488.18297486394,23,HR
355,10,4.0,48947.97442017932,1,Sales
356,6,,54499.026779414715,13,Finance
357,10,2.0,64575.93208447751,21,HR
358,10,4.0,47985.486046560305,10,Operations
359,6,3.0,64205.87956669972,15,Finance
360,1,2.0,65430.60218788578,7,Finance
361,4,1.0,62150.15823893834,6,Sales
362,10,4.0,43070.65504480957,10,Finance
363,6,2.0,67017.40087853937,2,IT
364,6,2.0,91219.04443150084,16,HR
365,5,1.0,63688.45240369357,13,IT
366,1,4.0,15703.873490230952,5,Sales
367,8,4.0,78613.19358070355,7,Sales
368,5,4.0,49458.783349509205,21,HR
369,5,2.0,93985.69035743538,4,Finance
370,7,2.0,61745.45177048941,26,Operations
371,4,3.0,34729.489590212615,27,Sales
372,6,3.0,29029.537650618713,7,HR
373,4,2.0,83096.11144013818,1,Operations
374,3,4.0,76588.57478875908,14,Finance
375,7,,93390.28328650034,11,Sales
376,8,4.0,60163.86728360333,16,HR
377,4,4.0,59152.051749304796,0,HR
378,2,,54259.21811762164,14,HR
379,10,2.0,50125.646381111685,13,Sales
380,3,3.0,54113.55668313277,19,Operations
381,1,,63261.94998486044,21,HR
382,8,2.0,47341.488196318474,15,Finance
383,3,4.0,34960.65979689025,28,HR
384,10,3.0,62398.149510212665,8,Operations
385,7,3.0,47007.06601959852,0,Sales
386,10,4.0,11408.434125898966,27,HR
387,5,,68288.51085985516,16,HR
388,10,4.0,43379.114428244575,28,Finance
389,5,1.0,69926.84182036102,12,Finance
390,7,5.0,69567.72159773973,20,HR
391,9,2.0,64253.850172842496,25,HR
392,5,2.0,97452.26760534744,20,Finance
393,1,3.0,57929.222250414336,4,Operations
394,10,3.0,55715.40648752118,9,IT
395,10,3.0,70255.08632125375,5,IT
396,1,,59168.28956829311,23,HR
397,2,4.0,77407.40306091015,18,Finance
398,6,3.0,40967.91138636717,24,Sales
399,9,1.0,41217.3832880349,12,Sales
400,8,,71487.14236989326,0,IT
401,5,,42527.83590992095,19,Operations
402,1,4.0,69136.47909664072,24,IT
403,7,1.0,65550.04269315548,14,HR
404,5,1.0,49582.67570958505,13,Operations
405,6,2.0,65507.55240350151,7,Sales
406,7,1.0,41481.113313236405,9,Finance
407,3,2.0,45001.501106044496,8,Finance
408,10,,56442.18392381901,16,HR
409,3,3.0,61183.91728608331,8,IT
410,5,1.0,55445.421945182134,2,HR
411,6,2.0,66496.73945809666,10,Finance
412,9,1.0,65826.99622572436,11,Sales
413,5,1.0,82940.50212522216,9,Finance
414,1,2.0,58570.71979282493,24,Operations
415,4,2.0,77918.45146776193,16,Finance
416,5,4.0,73810.8826934084,16,Finance
417,10,,94409.65924939723,24,Operations
418,10,2.0,58091.129701465885,10,IT
419,5,3.0,53694.619178205176,29,Finance
420,7,4.0,78865.413333656,21,HR
421,4,2.0,65781.48857611894,3,Finance
422,1,2.0,79224.88825175849,6,HR
423,5,5.0,70751.9819698425,20,Operations
424,7,1.0,28398.568629007565,25,Finance
425,10,3.0,65644.82665546774,13,Operations
426,10,3.0,64668.23846927234,6,Operations
427,6,2.0,61996.60353695945,23,IT
428,5,2.0,58016.35418814926,7,Finance
429,4,4.0,36117.847083085086,0,HR
430,2,1.0,73112.65375857484,23,HR
431,4,2.0,65606.52642140242,21,Finance
432,10,4.0,76529.35046096136,3,IT
433,10,3.0,36918.667135871205,28,IT
434,3,1.0,67607.01734317903,29,IT
435,10,5.0,56480.10993680156,11,HR
436,1,2.0,62156.820148882936,23,Operations
437,8,4.0,56652.60548728664,2,IT
438,5,4.0,68154.11891220194,12,HR
439,4,3.0,57556.903185126306,19,HR
440,8,3.0,44221.276124164666,5,Operations
441,7,,61296.38128179287,10,Finance
442,2,1.0,56787.38194296749,22,Finance
443,1,4.0,58749.09568306675,3,IT
444,4,2.0,12182.827859397854,19,IT
445,8,2.0,70239.54125353058,15,Operations
446,2,2.0,55280.04573979828,6,IT
447,3,,39777.696389726014,21,Operations
448,1,,369192.2637636107,28,HR
449,1,2.0,69545.48591629395,10,IT
450,3,1.0,55090.19705587716,23,HR
451,5,4.0,42717.45930719972,0,Sales
452,3,3.0,62670.46102019059,25,Operations
453,1,1.0,61846.59126881414,28,Sales
454,1,4.0,73865.01424487673,26,IT
455,8,3.0,53343.96727709265,6,HR
456,10,,77923.83202297494,11,IT
457,2,2.0,51896.20494996349,6,Sales
458,3,3.0,39812.52323186367,26,IT
459,2,3.0,43015.75866784078,22,Finance
460,3,4.0,59063.826912965764,6,Sales
461,7,3.0,59017.28236411902,9,IT
462,1,3.0,64917.91711126164,29,HR
463,10,2.0,58644.38953322338,15,IT
464,8,4.0,74659.77774096494,25,HR
465,10,3.0,56083.58852306136,7,Finance
466,10,1.0,30055.85602692876,8,IT
467,10,4.0,58183.54967301309,8,Finance
468,2,2.0,29898.31968350278,1,Sales
469,3,1.0,64070.864714965464,12,HR
470,9,5.0,75857.89498477374,12,Sales
471,7,3.0,45206.63270576221,22,HR
472,4,4.0,81278.35029587775,22,Finance
473,10,2.0,72642.46867092646,3,Operations
474,5,4.0,78097.20233122582,24,IT
475,2,1.0,62843.457846519465,23,Finance
476,8,2.0,45108.52236372269,11,HR
477,4,,71712.23141721207,16,HR
478,9,4.0,50630.986398474895,1,HR
479,5,3.0,61768.26759155033,12,HR
480,9,2.0,57429.73510794572,28,IT
481,4,5.0,76870.43785195344,17,Sales
482,10,3.0,70954.90508884993,27,Operations
483,5,4.0,58791.51302531444,27,IT
484,9,4.0,30725.892096897707,26,HR
485,8,1.0,50471.58800206198,14,IT
486,3,1.0,70563.33434226626,7,Finance
487,1,4.0,64201.653915698764,14,HR
488,3,2.0,37451.67098380708,0,Operations
489,4,2.0,32901.18041296666,19,HR
490,2,,62932.63725236185,9,Operations
491,1,3.0,44144.14248426336,11,Operations
492,7,4.0,45588.05308743635,4,Sales
493,8,3.0,70089.11593173981,8,Sales
494,7,3.0,78033.58170623511,22,IT
495,5,1.0,48739.46959445553,7,IT
496,1,2.0,59328.595385817396,15,Operations
497,7,2.0,58886.30001023459,13,HR
498,7,2.0,57536.93842955225,26,Finance
499,9,4.0,60608.977142344476,24,Finance
500,3,2.0,71347.48391760234,12,HR
501,9,3.0,49891.13479905607,22,HR
502,1,2.0,37120.836982259,20,Sales
503,1,1.0,85350.14900405641,12,Finance
504,4,3.0,76341.32886735075,4,Operations
505,9,2.0,43445.43193125903,15,IT
506,6,2.0,62034.4801316393,25,Sales
507,3,1.0,75160.53246879166,10,Finance
508,1,2.0,71235.65916789058,21,HR
509,4,4.0,66930.19964893928,4,Finance
510,9,2.0,57446.59662612384,12,Operations
511,3,2.0,85909.55887592936,27,Sales
512,9,3.0,63312.8830868919,10,HR
513,7,2.0,52275.611110189646,24,Operations
514,4,5.0,73066.13593268393,18,IT
515,3,3.0,61440.87962927131,2,Sales
516,10,3.0,65246.96590880433,14,Operations
517,5,3.0,63047.238023868114,6,Operations
518,5,2.0,67451.63360650364,6,HR
519,3,3.0,45323.15619901189,5,IT
520,9,2.0,38233.404192449874,2,Operations
521,4,5.0,81511.99084850376,29,Sales
522,5,2.0,63743.76842683754,12,Operations
523,4,3.0,71562.70916112869,6,Finance
524,5,3.0,33603.61169733561,4,Sales
525,7,1.0,76000.24663071753,22,Sales
526,9,2.0,52177.71531966349,17,Operations
527,7,4.0,47906.72749786433,21,HR
528,5,4.0,59049.40248552021,29,Sales
529,10,2.0,45330.29684186213,7,Finance
530,10,4.0,59974.024526615896,16,HR
531,7,,57954.9247947827,19,HR
532,10,5.0,75905.93857850824,26,HR
533,5,1.0,82700.16753209205,0,Sales
534,3,4.0,82222.73689262374,13,HR
535,7,2.0,26032.275309058256,16,Operations
536,2,,45972.497552350724,9,HR
537,9,3.0,25876.69854266457,11,Finance
538,10,1.0,42096.86588347454,15,IT
539,10,4.0,50257.226836442525,13,Finance
540,1,2.0,66158.42422840415,29,Sales
541,6,,52201.00148261189,26,HR
542,7,,52618.94893577031,15,HR
543,8,4.0,62726.47024799645,7,Operations
544,10,1.0,34360.35532188283,22,HR
545,9,4.0,47421.10270554204,27,Finance
546,2,1.0,52446.65061273941,9,Sales
547,10,1.0,56963.970170529836,28,IT
548,2,4.0,61154.30985338318,16,HR
549,5,2.0,82509.74684599563,26,IT
550,5,2.0,73625.04241621643,29,HR
551,6,,48460.34963262098,28,Sales
552,3,2.0,56080.06410822798,17,Finance
553,8,2.0,55058.41294361815,19,Sales
554,1,,52287.712252188845,15,IT
555,6,1.0,64087.737387313646,16,HR
556,4,4.0,32103.306705436375,15,IT
557,1,,73210.71582009726,18,Finance
558,7,,85403.26186073033,23,Sales
559,9,4.0,55952.39188992275,23,IT
560,4,2.0,55659.53362323257,7,IT
561,4,2.0,62355.66370813007,5,Finance
562,6,4.0,75290.78965440315,5,HR
563,3,5.0,55135.59424774136,20,IT
564,6,3.0,74009.17749152605,28,Finance
565,7,2.0,67327.42008679864,8,HR
566,10,1.0,95424.17166007035,3,HR
567,10,1.0,55070.06977256556,25,Sales
568,3,4.0,30359.993284187494,11,Finance
569,7,3.0,38505.91318971729,27,HR
570,3,,60178.92356100235,11,Sales
571,2,4.0,75418.23141031127,22,Operations
572,10,2.0,50212.36289368914,16,Finance
573,4,3.0,56536.01325187005,14,Operations
574,8,3.0,70272.64105997363,8,HR
575,9,3.0,45521.51098682314,6,Finance
576,7,4.0,50830.95901207773,9,Sales
577,1,4.0,42484.099685846086,15,HR
578,3,4.0,77673.42139323843,11,Finance
579,9,2.0,83125.0921769455,24,Finance
580,1,1.0,36308.7751576041,6,Operations
581,9,4.0,57867.21751517665,17,HR
582,8,1.0,81108.88462597417,14,Sales
583,1,2.0,65980.42775433356,5,Sales
584,6,1.0,52661.41150501358,25,HR
585,5,4.0,36807.56820583652,11,HR
586,6,2.0,386470.84138671483,10,IT
587,10,4.0,65407.72822416746,19,Operations
588,5,,37905.20418387366,2,HR
589,6,1.0,77848.36580812486,1,HR
590,5,1.0,35993.946573631954,5,IT
591,5,2.0,56692.70768748883,23,IT
592,4,5.0,56030.77944941806,21,Finance
593,3,2.0,84275.71993271753,24,Sales
594,3,2.0,56084.30712179771,29,Operations
595,4,1.0,56030.35970548913,4,Finance
596,9,4.0,39553.82482653459,17,HR
597,2,3.0,50394.03481412091,15,IT
598,9,4.0,47740.568086790365,7,Sales
599,1,,48521.66450992961,24,Finance
600,1,2.0,60094.2678733781,29,Sales
601,5,4.0,23487.35421236111,25,IT
602,6,1.0,37346.546318746536,19,Finance
603,6,5.0,291673.5844794634,21,Finance
604,3,4.0,61818.82024655897,10,Sales
605,7,5.0,56498.508020341564,9,IT
606,9,1.0,59388.08265322558,23,HR
607,10,2.0,53863.25079517123,24,Finance
608,8,2.0,59722.430951555056,11,HR
609,6,2.0,66512.13330393324,20,IT
610,8,2.0,66407.0059303149,27,Finance
611,5,2.0,49665.62382812257,5,Finance
612,8,1.0,73726.42109374425,26,HR
613,10,3.0,62356.63041754979,19,Operations
614,4,4.0,78483.20934509653,4,HR
615,10,3.0,81493.08646900623,22,HR
616,8,1.0,38359.09917940131,8,Operations
617,10,3.0,47114.58691696936,25,IT
618,2,1.0,72203.22059955826,26,IT
619,5,,35026.61369806579,28,Finance
620,9,1.0,81302.6544404006,15,Sales
621,4,4.0,54841.76707781006,21,Sales
622,6,,68625.49552663528,13,Finance
623,1,4.0,58254.140057088356,21,Sales
624,9,4.0,39114.15708324469,7,HR
625,1,4.0,75833.16903197963,26,HR
626,5,,101260.84545805995,19,Operations
627,4,3.0,52274.87585466462,18,Operations
628,3,3.0,55164.62173732136,13,Finance
629,6,3.0,20263.506850994112,6,Finance
630,2,3.0,80272.54355184181,4,Finance
631,3,3.0,73676.47984263004,17,HR
632,5,3.0,33999.24206917628,1,Sales
633,9,2.0,29026.718069296705,10,Finance
634,2,1.0,30761.530752521023,21,Finance
635,10,1.0,69677.53688059228,7,HR
636,8,2.0,71174.87129421123,0,HR
637,2,1.0,46149.990834468175,26,HR
638,5,3.0,67488.90047074198,21,Sales
639,7,2.0,62383.15681486729,11,Finance
640,8,4.0,54490.954397186724,1,IT
641,1,1.0,74552.9524002795,17,IT
642,6,2.0,41925.96598157942,6,Finance
643,1,4.0,77213.08820390842,25,Finance
644,2,3.0,49072.17668978471,16,Finance
645,1,1.0,86723.05022950566,21,Finance
646,5,5.0,44920.409647778,29,Sales
647,10,5.0,54726.41882099809,22,IT
648,9,2.0,60878.8070631353,13,Operations
649,6,2.0,60784.77821733725,23,IT
650,1,,67362.42750927144,6,IT
651,1,3.0,40714.76372629984,21,HR
652,2,3.0,59440.313876300475,24,Finance
653,9,4.0,62071.975596040815,28,Finance
654,3,2.0,52083.9266395781,2,Finance
655,1,3.0,66060.87926189127,26,HR
656,5,2.0,39804.451297683285,5,Sales
657,7,4.0,55103.19166423975,19,Sales
658,6,3.0,48702.23813394501,1,Operations
659,1,4.0,55148.536056764715,16,Sales
660,5,2.0,81705.53189881805,11,Sales
661,5,2.0,81996.835892361,11,Finance
662,6,3.0,79056.24690871831,29,IT
663,3,4.0,53066.14079878723,16,Sales
664,5,3.0,73614.27415200311,26,Sales
665,7,1.0,61685.43190388706,9,HR
666,5,5.0,60683.84555254513,2,Operations
667,5,1.0,58839.57978571246,19,HR
668,5,,86376.26786068687,17,Finance
669,10,1.0,80487.57908334695,12,IT
670,10,4.0,71173.44627670647,11,Operations
671,3,1.0,57445.4855173406,26,HR
672,1,,60593.41137381843,26,Sales
673,5,3.0,67958.49906806601,29,Sales
674,9,1.0,52175.866322189664,26,Operations
675,1,2.0,74074.73573946756,16,Sales
676,3,2.0,46181.323328356404,3,HR
677,4,2.0,65877.65531996108,22,HR
678,1,,25654.266753110554,9,Sales
679,1,3.0,51740.72210096805,10,Sales
680,8,4.0,91165.15699379165,5,Finance
681,2,3.0,75542.87241587866,5,IT
682,8,4.0,83032.02674901785,26,Operations
683,7,1.0,49990.38498968427,8,HR
684,10,2.0,61556.59255200654,29,Operations
685,10,4.0,79229.88379641456,14,Finance
686,2,,69496.42402058066,1,HR
687,6,2.0,67628.48816037479,3,Finance
688,6,2.0,84458.72955495094,4,Finance
689,3,3.0,44393.17551579108,16,Sales
690,2,,57236.42940831745,7,Operations
691,1,2.0,33688.716559959685,7,Operations
692,6,3.0,43573.40922096598,21,Sales
693,5,5.0,76112.78088268457,11,Operations
694,9,1.0,46239.76100711815,20,Sales
695,1,1.0,71032.86381187646,7,HR
696,7,3.0,84877.2756295212,18,Finance
697,5,,57330.92737512092,2,Finance
698,5,2.0,67797.95159699718,17,Operations
699,2,3.0,71149.6819431438,20,IT
700,3,3.0,41677.574054001525,18,Finance
701,7,3.0,50753.214820484296,18,Sales
702,6,3.0,44945.08182492296,14,IT
703,2,3.0,51949.15334875457,5,IT
704,6,3.0,70741.66047121648,15,Finance
705,2,3.0,51072.049035865624,7,Finance
706,2,3.0,59472.70159602274,15,Finance
707,2,3.0,44363.07574603146,17,Sales
708,3,5.0,78396.33246800554,19,IT
709,2,1.0,51823.350146649944,15,Operations
710,4,4.0,82844.70827864931,10,Sales
711,9,4.0,60913.9364077404,6,HR
712,6,2.0,38895.006330553806,16,Finance
713,1,3.0,57434.598801815635,16,IT
714,8,3.0,44058.347588007535,11,Sales
715,7,2.0,68840.2406606723,12,HR
716,10,2.0,56079.558265097,9,Sales
717,3,1.0,62448.153825410314,6,Sales
718,1,2.0,54459.703349301555,13,Operations
719,5,4.0,51669.86544205012,22,Operations
720,4,2.0,45395.66985576559,0,Sales
721,10,4.0,72543.34405232294,16,HR
722,8,3.0,57402.703473004534,3,IT
723,1,5.0,55279.63659452424,20,IT
724,10,3.0,57026.791523367596,4,Finance
725,1,1.0,49817.07309771338,19,Finance
726,4,4.0,55329.72859835962,23,IT
727,8,1.0,63084.44722040231,22,Sales
728,5,3.0,44487.94501414853,24,Sales
729,2,,46659.72010381188,6,Operations
730,6,2.0,80674.2614043401,9,Operations
731,5,2.0,54558.652008006655,16,Finance
732,2,4.0,51726.58786613985,28,IT
733,3,5.0,39841.92591661087,29,Sales
734,9,4.0,72760.16456211358,6,IT
735,7,2.0,44161.11279733735,0,HR
736,7,4.0,59770.610085578126,6,IT
737,6,2.0,34377.22396025114,25,HR
738,8,4.0,72272.59200546175,23,Operations
739,4,,77652.84365427871,10,Operations
740,8,4.0,67267.80518217022,8,Finance
741,4,5.0,36982.798028920544,11,IT
742,8,1.0,72581.43215863846,2,IT
743,9,4.0,47589.765005394715,3,HR
744,3,4.0,42435.42181917581,3,Operations
745,3,1.0,54248.0843136352,27,HR
746,2,5.0,53949.48489980266,24,Operations
747,10,2.0,52424.27023229566,12,HR
748,3,4.0,79105.11371857041,22,Operations
749,3,4.0,90177.38994663939,18,HR
750,5,4.0,39462.95193975803,9,Operations
751,5,1.0,49667.514085131144,4,HR
752,2,3.0,62141.22504067435,6,IT
753,10,3.0,54169.252635941586,23,Finance
754,6,,65990.98123917774,15,HR
755,5,3.0,73739.78033918692,0,Finance
756,6,2.0,71240.48913405061,11,IT
757,1,4.0,69146.00351774748,1,IT
758,5,3.0,84886.43281379585,6,Operations
759,9,3.0,36165.79075625836,10,Finance
760,10,3.0,82201.63187931923,28,Sales
761,2,5.0,53805.125488653845,29,Operations
762,1,3.0,71776.8783101344,12,Finance
763,10,3.0,44555.00657580835,1,HR
764,9,1.0,46372.554121600835,6,HR
765,10,1.0,69931.75937223042,14,IT
766,9,2.0,31069.049658752316,24,Sales
767,9,2.0,74841.63117432469,10,HR
768,6,3.0,78899.45253512383,1,Finance
769,8,4.0,62666.772807434405,6,Finance
770,1,3.0,62126.41553367836,3,HR
771,10,4.0,47495.45782637322,10,Finance
772,4,,70116.74103605503,28,Finance
773,1,4.0,65214.978696111386,1,IT
774,8,4.0,46177.419059642656,28,Sales
775,1,3.0,54127.800748677124,15,IT
776,3,3.0,57609.96862956295,6,Sales
777,4,1.0,54107.967052212196,12,Finance
778,8,2.0,39556.32879975038,4,Sales
779,6,,70485.30462875843,16,Finance
780,10,4.0,56347.34316147158,20,Finance
781,7,2.0,60230.47163839964,11,IT
782,8,3.0,51326.0011890386,27,IT
783,2,4.0,67129.07210957985,18,Operations
784,10,1.0,62980.44276572105,6,HR
785,8,2.0,78191.76583695627,5,Operations
786,3,5.0,67208.98069408476,7,Operations
787,7,3.0,56959.73397244334,12,Sales
788,3,1.0,48904.2477374616,4,Finance
789,7,3.0,72989.29025874968,1,Finance
790,2,5.0,55761.35851820313,8,Finance
791,10,3.0,57424.23650105669,29,HR
792,6,2.0,57420.42590560988,10,Sales
793,3,2.0,53975.88434014306,23,Sales
794,3,3.0,57681.91508655196,5,Finance
795,9,3.0,88893.11344098867,28,Operations
796,7,4.0,44282.66918808462,25,HR
797,5,1.0,47782.43683857585,6,Operations
798,10,5.0,80764.86627231375,24,IT
799,7,1.0,54377.93423257393,6,Sales
800,9,2.0,53240.680738876574,18,Sales
801,1,1.0,75522.9578516015,5,Operations
802,7,2.0,38697.06574077373,10,HR
803,6,3.0,72321.81643880109,28,Sales
804,10,3.0,60684.24643982316,10,Operations
805,9,2.0,66972.03196247965,6,HR
806,1,3.0,66690.46432878189,1,Operations
807,4,1.0,50580.261202760434,18,HR
808,9,4.0,75767.75670224859,3,Finance
809,4,,51747.93432782896,25,HR
810,10,2.0,66132.73528498113,5,IT
811,3,3.0,78565.86728293705,16,Finance
812,9,2.0,80683.52549769703,24,Operations
813,2,1.0,55993.104960889614,4,Finance
814,4,2.0,66947.02911361516,28,Finance
815,6,4.0,54607.6681469457,27,Operations
816,2,3.0,97556.9434090316,29,Operations
817,8,1.0,71701.89008810728,6,IT
818,8,4.0,61260.87653755404,8,Operations
819,1,3.0,64688.43260186614,24,Sales
820,3,4.0,66106.58123169102,0,Sales
821,10,3.0,66551.15311175224,0,IT
822,9,3.0,56400.026735301646,18,HR
823,5,1.0,54085.09051147238,5,HR
824,6,2.0,57722.199574102604,17,Sales
825,4,,42904.62442429189,9,Operations
826,10,2.0,70774.1161046169,27,IT
827,2,,47974.42436026541,10,HR
828,8,3.0,44100.74881522925,0,HR
829,6,1.0,59784.68300153777,0,Finance
830,5,1.0,58048.1605546517,12,Sales
831,9,2.0,63744.517136834824,4,Operations
832,1,,51476.919459053854,19,IT
833,5,3.0,54111.8616265354,0,HR
834,6,2.0,70381.79257632737,19,Finance
835,5,2.0,69468.25800742791,2,Sales
836,6,1.0,68842.87569265017,17,Sales
837,6,3.0,60509.51418527224,8,IT
838,7,1.0,62533.83934998412,13,HR
839,4,4.0,63456.58331565755,26,IT
840,8,2.0,50159.37390286535,16,IT
841,7,2.0,82110.69900219151,22,Finance
842,9,3.0,79973.82048731549,13,Sales
843,7,3.0,71913.68386501451,28,Operations
844,3,,53612.07620397603,3,Sales
845,3,3.0,68087.16176925226,4,Sales
846,8,1.0,74675.54906654658,25,Finance
847,5,3.0,41652.04647418285,20,Operations
848,4,2.0,85417.67642547746,16,HR
849,8,1.0,33909.185832663075,21,Operations
850,6,,70569.08729563613,28,HR
851,2,4.0,81799.23459378704,24,Operations
852,4,,58304.048039594534,1,IT
853,4,3.0,57743.0340026539,22,Operations
854,6,3.0,70014.91188970386,21,Finance
855,6,2.0,87778.22837900808,4,HR
856,1,2.0,55783.98543087951,3,Sales
857,8,4.0,48285.67212201083,3,Finance
858,6,2.0,53643.368165880114,5,HR
859,3,4.0,36712.290115706695,19,HR
860,9,4.0,73466.36848072734,20,Sales
861,2,2.0,52288.75420929211,12,IT
862,8,3.0,56874.912689016666,21,Finance
863,10,4.0,73644.3169712851,4,Sales
864,3,2.0,54346.345133852265,22,Sales
865,5,4.0,71386.35593082596,24,IT
866,6,3.0,44428.6724427557,25,Finance
867,10,2.0,74380.79142485997,22,Sales
868,6,3.0,65128.57531898205,6,IT
869,4,,58671.31453770497,19,Finance
870,3,2.0,61963.402319156936,0,Operations
871,4,4.0,40698.58058020895,13,HR
872,1,2.0,61620.01115920455,23,IT
873,4,4.0,57874.95321965094,3,HR
874,1,4.0,41108.51084343655,16,Operations
875,1,2.0,49933.868596401844,20,Sales
876,10,2.0,58061.321130712226,13,Sales
877,6,4.0,50890.61722578238,15,Finance
878,5,3.0,23818.291424243747,13,IT
879,4,4.0,76145.81309413299,15,IT
880,3,1.0,57868.65187365502,23,Finance
881,1,5.0,25890.746861451822,19,HR
882,6,4.0,92024.44409519092,28,Sales
883,2,,78620.88496969783,27,Sales
884,8,1.0,54765.26923397497,7,IT
885,10,3.0,47362.537629499486,23,IT
886,5,3.0,66047.86816140782,2,Finance
887,7,2.0,63034.90222326212,24,Operations
888,10,3.0,68131.3488720056,18,HR
889,2,1.0,47405.69590117427,0,Operations
890,8,4.0,76466.5803145745,1,Operations
891,2,3.0,52898.06815236676,14,IT
892,4,1.0,70211.4862298335,21,IT
893,1,4.0,48045.911093144634,27,IT
894,5,3.0,99722.1597863023,9,Operations
895,9,1.0,70432.85023447887,17,HR
896,1,,103263.48414860471,21,IT
897,9,,72414.02964489069,13,Sales
898,8,3.0,51578.03464696974,16,HR
899,6,1.0,72440.71190383795,26,Sales
900,7,4.0,73508.66727289825,12,HR
901,3,3.0,65599.86216746643,0,IT
902,1,2.0,69455.88708048084,4,Finance
903,5,3.0,71425.90694111513,25,IT
904,2,3.0,45094.78483851388,12,Operations
905,5,3.0,44027.123929050715,26,Operations
906,8,3.0,48086.7450207835,24,HR
907,9,3.0,309565.6795777882,13,Operations
908,2,,56652.4324278987,23,IT
909,3,2.0,45366.44151115577,2,Sales
910,3,4.0,71629.7131577947,14,IT
911,1,5.0,64245.6723020472,18,HR
912,8,3.0,62533.934870562814,16,Operations
913,6,3.0,56130.16042239097,29,Sales
914,8,3.0,54326.5784645164,2,Finance
915,9,3.0,47380.032572865355,15,Sales
916,5,4.0,74006.10438806006,13,Sales
917,3,3.0,49447.6067752022,11,IT
918,5,,63140.85700039225,27,Finance
919,5,1.0,84930.1559440805,11,HR
920,5,1.0,55016.13382965974,28,HR
921,3,3.0,74410.53211078791,10,Sales
922,10,2.0,68530.63524053509,16,Sales
923,4,2.0,64672.0134489158,7,Operations
924,9,2.0,66455.2266285713,16,Finance
925,10,2.0,58576.401460936046,20,Sales
926,9,1.0,60521.63953190161,24,Operations
927,2,,51778.29077661413,22,Finance
928,8,2.0,60621.856817011336,19,HR
929,8,4.0,51221.61006324754,10,Operations
930,7,4.0,75084.82639614896,24,Finance
931,8,,34507.53856982334,24,Operations
932,3,1.0,67215.79936688223,1,Sales
933,6,5.0,65048.8005213342,9,IT
934,1,3.0,63690.2394626405,9,HR
935,7,3.0,75367.4842329823,10,Sales
936,1,3.0,55708.14614935579,27,Sales
937,9,4.0,63831.50766858074,5,Finance
938,1,2.0,34251.871677203206,3,Operations
939,1,4.0,53770.24676797165,23,HR
940,7,3.0,72836.04646762836,11,Sales
941,2,4.0,39912.57396695277,10,Finance
942,5,,62396.15050576117,22,HR
943,8,2.0,49837.243921743044,22,Operations
944,8,,58335.195423423975,26,Sales
945,3,1.0,50734.837668576045,25,Sales
946,7,1.0,41292.06593559854,24,Sales
947,3,1.0,65790.04972439702,12,HR
948,6,2.0,59256.04856962881,4,HR
949,6,3.0,69189.436795308,5,HR
950,3,1.0,71916.56861998292,0,HR
951,7,1.0,78378.88105633523,5,Finance
952,3,,62002.301181639974,17,IT
953,8,4.0,79029.31536904813,21,Finance
954,10,4.0,45363.38238913569,8,Sales
955,4,5.0,73634.39743842196,23,Finance
956,1,4.0,66890.8562449178,24,Operations
957,4,1.0,63496.389787721804,28,HR
958,7,2.0,66670.98351244676,14,Operations
959,4,4.0,45588.916824968066,25,Operations
960,6,2.0,42048.79785112466,7,Sales
961,9,4.0,85647.42279115497,18,HR
962,1,1.0,57469.167327040945,23,Operations
963,5,2.0,57255.09867289949,15,Sales
964,7,3.0,43465.357886380625,5,HR
965,1,3.0,37773.32541754744,28,IT
966,4,3.0,58675.216817815766,5,Sales
967,6,4.0,54876.18117736908,21,Finance
968,2,1.0,60026.01535113676,2,HR
969,10,1.0,61307.309105732624,9,Operations
970,5,5.0,97341.9162189104,0,Operations
971,10,4.0,54921.30028891568,27,Finance
972,1,1.0,83699.1016191517,13,Finance
973,6,4.0,84630.36322567417,3,Operations
974,6,2.0,71304.36427907976,25,HR
975,4,3.0,56473.10501176333,11,Sales
976,8,1.0,39577.91495800906,5,Finance
977,4,4.0,67169.1581600086,10,Finance
978,8,4.0,75282.18119551416,11,Finance
979,8,2.0,86215.31196424477,9,IT
980,5,5.0,45750.630686298275,17,HR
981,4,3.0,56347.10416222099,6,HR
982,2,2.0,45842.031143657296,6,HR
983,3,2.0,50497.830113446165,10,HR
984,3,2.0,69965.81301353441,3,HR
985,4,1.0,49810.42845951396,19,Operations
986,4,3.0,47635.93234024486,0,Finance
987,10,4.0,71954.93795583412,12,Operations
988,5,3.0,66761.08185065321,17,IT
989,4,2.0,65250.16796902762,8,Sales
990,10,1.0,50206.68962701401,25,Finance
991,8,2.0,79395.34917322053,23,IT
992,6,3.0,60217.352959796866,23,Operations
993,6,4.0,95702.85208132153,8,Sales
994,8,2.0,62417.49254205066,22,IT
995,7,4.0,24999.782372292597,28,Sales
996,10,5.0,24331.866978346967,8,IT
997,10,3.0,69359.24912768204,9,Operations
998,8,4.0,79507.41228496208,27,Sales
999,2,3.0,48242.578051142256,1,IT
1000,9,3.0,91514.68159165727,5,Operations
1001,1,3.0,84944.98405491155,14,Finance
1002,8,3.0,63158.20145161722,2,Operations
1003,4,2.0,68091.80913534197,10,Operations
1004,4,2.0,73417.95326082775,5,Finance
1005,5,2.0,88349.92345980773,2,Operations
1006,8,3.0,70232.03950118372,23,Finance
1007,5,1.0,62818.974784067235,10,Finance
1008,8,,70084.51796379974,14,Finance
1009,10,4.0,68060.40422173838,12,IT
1010,1,3.0,73866.1528091249,19,Sales
1011,10,2.0,36449.65060380695,27,IT
1012,9,5.0,64737.80174921182,9,Finance
1013,6,4.0,66906.60761369605,5,Sales
1014,3,4.0,58907.29249421742,14,Sales
1015,8,2.0,71762.49666326339,24,Finance
1016,9,3.0,88817.51430853561,17,Sales
1017,6,1.0,62073.25696656661,17,Sales
1018,7,2.0,70375.81621061536,6,IT
1019,1,4.0,84093.9714067733,14,Sales
1020,5,4.0,62423.46758912783,17,Finance
1021,5,3.0,46673.051964617865,17,HR
1022,10,5.0,69236.68273631886,19,HR
1023,4,3.0,26975.007948028862,8,HR
1024,6,3.0,25524.494430559804,23,Finance
1025,7,2.0,64995.18070674387,1,HR
1026,9,,24825.44425377201,7,IT
1027,1,1.0,40272.48386357714,19,Finance
1028,6,,54298.52154734516,1,Finance
1029,7,4.0,49178.7547538117,10,Finance
1030,3,1.0,57782.90244679323,25,Sales
1031,8,3.0,76693.05211152745,6,Sales
1032,5,5.0,63577.212170458966,5,Sales
1033,9,3.0,47410.19397330811,29,Operations
1034,5,,80316.61609176414,9,IT
1035,9,,38567.14145183713,4,Finance
1036,10,3.0,63328.25263158149,10,Finance
1037,4,2.0,36898.71037482443,0,Sales
1038,9,,63784.76858595809,1,Finance
1039,5,4.0,55220.58894161104,23,Finance
1040,10,1.0,76233.56867289552,0,HR
1041,9,1.0,70810.34206791344,18,Finance
1042,3,3.0,51192.910020125055,1,Operations
1043,4,,48315.905387756386,20,Sales
1044,9,4.0,55273.54900451836,19,IT
1045,10,4.0,88133.57190051509,28,IT
1046,6,1.0,84286.02721662121,22,HR
1047,2,2.0,45475.97721947024,20,IT
1048,7,5.0,72003.38007002023,23,IT
1049,2,2.0,34028.52856654102,3,Sales
1050,2,2.0,53289.86308413952,11,Sales
1051,1,1.0,46086.53470706312,21,Operations
1052,3,4.0,76039.19186358662,19,HR
1053,6,,40639.23720317382,17,IT
1054,8,2.0,66440.25353133708,0,Operations
1055,9,3.0,60010.651823489454,29,HR
1056,7,3.0,57368.26755405735,29,IT
1057,4,,85073.74426116596,0,IT
1058,6,1.0,86395.45788501466,23,Sales
1059,5,3.0,57834.10772320543,13,Finance
1060,8,2.0,54811.25549100009,3,HR
1061,1,5.0,37396.9002179525,4,IT
1062,1,3.0,59936.11519141185,10,HR
1063,6,1.0,89299.54883618986,23,Operations
1064,10,3.0,58068.96990708115,27,Operations
1065,2,4.0,70931.3892471567,22,Finance
1066,5,1.0,39037.54014121104,12,IT
1067,1,5.0,53478.37605399598,15,Sales
1068,7,2.0,66936.97958703976,23,IT
1069,1,3.0,61587.93597072079,12,HR
1070,4,3.0,72370.01001615843,23,Operations
1071,9,4.0,50959.921731620045,21,HR
1072,1,2.0,33750.17176764502,25,Finance
1073,4,5.0,76831.35345483405,1,Operations
1074,6,4.0,45957.76066093637,15,Sales
1075,6,3.0,67599.06041252975,5,Operations
1076,8,4.0,66762.85299732623,13,IT
1077,1,4.0,35043.70207452012,0,IT
1078,7,1.0,75736.88125860038,16,Operations
1079,1,2.0,51501.492082065466,10,Finance
1080,7,,60825.81932980442,18,IT
1081,3,1.0,54627.26154051665,2,IT
1082,8,4.0,84338.87253349363,10,Sales
1083,3,,80152.35312276095,28,Operations
1084,1,1.0,32814.981243439164,4,IT
1085,8,4.0,93882.40682862283,16,Finance
1086,3,3.0,49825.39901227206,25,HR
1087,2,3.0,91536.55015472756,21,Operations
1088,1,1.0,56156.856417900235,6,Sales
1089,3,1.0,54886.24940862098,9,IT
1090,2,4.0,56290.084003832664,27,Finance
1091,2,4.0,53988.15532530765,28,Operations
1092,6,4.0,97865.94806734833,10,Finance
1093,1,3.0,58854.552010190484,2,Finance
1094,2,1.0,55465.55351191966,19,Sales
1095,6,4.0,61155.16136239416,9,Operations
1096,3,2.0,45489.97204612942,26,IT
1097,4,,83956.80801435377,9,Sales
1098,1,4.0,37933.787464603025,13,IT
1099,8,4.0,50789.87089392892,11,HR
1100,7,,74049.90464770189,14,Finance
1101,7,1.0,60635.28196151148,9,HR
1102,3,4.0,68238.2277375007,29,Finance
1103,10,2.0,82997.46175028145,9,Sales
1104,10,,75057.02322498719,25,IT
1105,3,2.0,62062.14517711718,18,IT
1106,2,4.0,91340.13974777698,0,Sales
1107,1,5.0,50574.9577680565,23,Operations
1108,7,1.0,58495.3553851117,28,HR
1109,7,2.0,59543.3950274585,25,HR
1110,2,4.0,58463.673509745306,9,IT
1111,7,3.0,43961.840145582595,1,IT
1112,8,2.0,36245.252622592525,16,IT
1113,1,2.0,66258.0236156879,29,Sales
1114,9,1.0,50497.89321674014,23,Operations
1115,7,5.0,88617.1318347192,6,HR
1116,3,3.0,58911.86515147141,6,Finance
1117,8,1.0,56227.66113762764,19,Sales
1118,7,2.0,76415.09679603981,26,HR
1119,8,2.0,66032.88956171583,8,Operations
1120,6,2.0,57367.23858319427,21,Sales
1121,9,3.0,50389.023783533354,1,HR
1122,5,2.0,114865.52705998611,13,Sales
1123,3,2.0,65426.78643392608,16,HR
1124,3,4.0,76266.44366076594,0,HR
1125,1,2.0,44655.81719649757,8,Operations
1126,8,3.0,51330.219203644876,19,Finance
1127,2,3.0,91685.18832435433,20,Operations
1128,3,3.0,80953.96409033453,18,HR
1129,8,4.0,66864.33155599925,3,Sales
1130,8,3.0,54276.43662304465,27,Operations
1131,4,5.0,56489.46342065136,7,Finance
1132,4,4.0,49858.33897115807,12,HR
1133,5,3.0,42647.26004792038,3,Operations
1134,6,4.0,73857.66276391521,8,Operations
1135,5,3.0,68082.46834188087,8,Operations
1136,7,2.0,71041.1822451341,21,Operations
1137,2,2.0,54946.530180566035,17,Sales
1138,7,2.0,63834.58462699746,11,Finance
1139,10,5.0,53519.34352538799,9,Finance
1140,7,4.0,49090.379058445404,10,HR
1141,1,,85005.93654213264,6,IT
1142,7,3.0,61822.60945261114,8,Sales
1143,5,3.0,67611.81507429811,5,HR
1144,3,1.0,72536.31020786252,18,HR
1145,3,4.0,62010.61329349536,15,Operations
1146,4,3.0,63609.491160377314,29,IT
1147,2,,43700.62234569439,14,IT
1148,2,2.0,46558.27457345122,6,Sales
1149,1,3.0,45782.7786730733,15,IT
1150,5,4.0,69081.87625230802,4,HR
1151,4,3.0,61063.35979233098,15,IT
1152,10,3.0,46559.526543516185,0,IT
1153,2,4.0,68701.4826245281,18,Finance
1154,3,2.0,68151.8469143116,4,HR
1155,7,4.0,49575.51013050953,6,IT
1156,7,3.0,59582.5868305609,18,IT
1157,4,5.0,68207.12512590716,21,Operations
1158,5,4.0,47124.66968820865,4,IT
1159,5,2.0,68493.40147343925,28,IT
1160,6,2.0,64515.35406245342,16,Finance
1161,9,,45012.004417484604,25,HR
1162,2,3.0,63296.95102497153,21,Sales
1163,5,,65484.728799838565,29,HR
1164,3,2.0,50609.983107918015,7,Operations
1165,4,3.0,51790.74525200686,28,HR
1166,10,4.0,44873.70103603215,28,IT
1167,6,,53265.015463141586,0,Operations
1168,8,2.0,59818.76984344278,1,HR
1169,1,4.0,51832.16761958519,29,Operations
1170,10,3.0,37726.681526341694,14,Sales
1171,8,1.0,49671.1796304506,19,HR
1172,7,4.0,53740.61839781997,27,IT
1173,1,4.0,72252.58064448378,17,Operations
1174,2,,68921.47372165397,10,Finance
1175,3,3.0,72543.31618312503,24,Operations
1176,1,2.0,48914.71654501548,9,Finance
1177,9,1.0,62123.26168619015,23,IT
1178,8,3.0,23654.302514976996,23,Sales
1179,2,2.0,66433.80597271484,3,Finance
1180,9,4.0,69163.46510851197,4,Sales
1181,7,2.0,54725.62248208614,3,Operations
1182,9,,64431.447175826725,12,IT
1183,6,,37276.13586944921,24,Finance
1184,6,3.0,47983.99514400264,12,Operations
1185,4,,71481.73857648413,17,HR
1186,10,4.0,67668.79917809361,28,Operations
1187,10,3.0,53822.182334328485,26,Sales
1188,2,2.0,72170.43476107066,23,IT
1189,7,3.0,62074.471751998666,1,IT
1190,5,3.0,52436.68554116761,15,Operations
1191,6,5.0,57257.59034095059,0,HR
1192,2,3.0,53168.734630326966,25,Sales
1193,5,5.0,42243.360737722076,18,Operations
1194,10,4.0,78850.28708853152,8,Operations
1195,4,1.0,51479.63350061113,27,IT
1196,9,,47514.58928554633,2,Sales
1197,6,3.0,37059.77519229962,24,HR
1198,2,2.0,20460.481986163097,6,IT
1199,1,4.0,70522.45302178481,28,Operations
1200,5,1.0,71904.13030554318,9,IT
1201,9,3.0,77895.57876892062,0,IT
1202,6,3.0,57764.41025744726,9,Finance
1203,10,3.0,55170.11209059607,20,IT
1204,7,,52384.15330045288,8,IT
1205,5,3.0,53751.63555242696,27,Sales
1206,10,2.0,76796.85526110281,14,IT
1207,6,3.0,59602.271269065626,14,HR
1208,5,,65671.06194002104,2,Operations
1209,9,2.0,53369.89752059394,24,Sales
1210,6,2.0,79812.71859331061,4,IT
1211,8,1.0,31428.91680847891,8,HR
1212,2,1.0,208460.68689614657,25,Operations
1213,9,4.0,65695.65786351837,21,Sales
1214,5,4.0,86259.16126846403,8,HR
1215,7,2.0,56623.497003618446,22,IT
1216,10,4.0,47364.437914089845,6,Finance
1217,1,2.0,75009.94057737516,23,Finance
1218,10,,64855.47663022349,22,Sales
1219,5,,79353.20717991366,11,HR
1220,10,2.0,40644.73372883487,24,Operations
1221,2,5.0,78175.02729016388,26,HR
1222,6,4.0,36773.138148475926,8,Finance
1223,1,2.0,55677.41780767699,5,Sales
1224,3,2.0,66191.7412923589,22,IT
1225,5,3.0,62790.20067298641,1,HR
1226,4,4.0,75908.8850397355,8,Finance
1227,3,,32600.099744861647,27,Operations
1228,10,4.0,62115.11219548555,28,Sales
1229,5,5.0,77994.6304917592,16,IT
1230,8,3.0,60889.41340608145,0,HR
1231,4,4.0,42864.90480349946,18,Operations
1232,1,4.0,75112.61092239979,27,IT
1233,7,2.0,50275.345947844566,5,Finance
1234,8,3.0,47635.15481905683,4,Finance
1235,3,4.0,45747.963706747396,1,Operations
1236,6,1.0,57019.72330576556,8,Finance
1237,2,4.0,62745.90330559306,29,Sales
1238,7,2.0,40963.49917945381,28,Operations
1239,8,3.0,44045.311849050835,25,Finance
1240,6,4.0,49582.75686206673,13,HR
1241,6,2.0,45675.1702817004,3,Finance
1242,5,2.0,60551.37339824145,3,Sales
1243,8,3.0,65418.32394601321,20,IT
1244,1,5.0,63358.10715399889,14,IT
1245,10,1.0,63379.97833121704,7,Finance
1246,4,,85064.87572932916,25,IT
1247,4,2.0,66355.25399440732,3,Finance
1248,3,,71759.46371833871,15,Sales
1249,3,,53780.76375334541,20,IT
1250,4,3.0,74160.09213992237,27,HR
1251,1,3.0,53064.71214310017,3,Finance
1252,2,3.0,66171.72491382886,29,IT
1253,9,3.0,39429.496977264265,15,Sales
1254,10,1.0,62493.51197982182,21,Sales
1255,2,1.0,45369.29647245994,11,HR
1256,5,1.0,74040.53481725861,15,Sales
1257,9,3.0,73138.14692998177,18,Sales
1258,9,2.0,53000.58918661361,7,IT
1259,8,3.0,90743.6239293681,5,Finance
1260,1,,55711.82555709788,9,Operations
1261,1,2.0,35819.71648991209,4,Sales
1262,9,3.0,48313.2304445598,28,Sales
1263,8,3.0,44337.884664632234,17,Operations
1264,10,4.0,65694.03152679381,9,Sales
1265,9,,41469.554599913215,9,IT
1266,7,5.0,51911.78976290632,6,IT
1267,3,,64718.28255805155,17,Operations
1268,3,1.0,62079.68842067704,0,Sales
1269,2,4.0,59810.34281487331,6,Sales
1270,5,4.0,61890.00778566101,20,Finance
1271,3,2.0,54442.49853738518,0,Sales
1272,6,,35943.71916500504,14,IT
1273,2,1.0,54047.426688830325,3,HR
1274,3,4.0,67031.24676472928,27,HR
1275,5,2.0,57945.97517085893,28,HR
1276,1,3.0,65872.32559695751,19,HR
1277,1,4.0,51198.25455735772,9,Sales
1278,10,3.0,74915.04119816892,22,Sales
1279,9,3.0,21655.23198792999,8,Finance
1280,7,2.0,62121.60769385032,1,Sales
1281,1,4.0,80233.20520681917,27,HR
1282,8,1.0,82465.47774062195,13,Operations
1283,3,3.0,56522.60746136287,15,Operations
1284,8,,40107.02766535674,0,IT
1285,5,4.0,80497.09263515039,1,IT
1286,1,3.0,59222.02249791659,6,Sales
1287,7,4.0,57615.45691095179,28,Operations
1288,5,4.0,46607.180386834036,9,HR
1289,6,5.0,41251.68778712614,21,HR
1290,6,3.0,68457.94753386531,19,HR
1291,8,2.0,70048.07182137991,0,Sales
1292,9,2.0,63023.160026991325,12,Sales
1293,2,2.0,48539.313276092354,0,Finance
1294,9,3.0,44025.01762336276,4,HR
1295,10,1.0,38516.2701717016,15,HR
1296,9,3.0,51591.8223588304,14,Sales
1297,10,2.0,44912.19652876554,16,Sales
1298,10,2.0,34360.35457063432,27,Finance
1299,7,5.0,69770.17518529572,22,Finance
1300,1,3.0,40214.04207772549,15,IT
1301,7,1.0,74758.84022146101,12,Operations
1302,10,4.0,65911.07565170195,10,HR
1303,5,1.0,64415.11781427599,16,HR
1304,6,4.0,84979.63569090137,16,Finance
1305,10,4.0,40712.96048903213,1,Finance
1306,7,2.0,73106.57994073194,12,IT
1307,5,4.0,55535.36140467855,13,Operations
1308,7,3.0,98566.05234944311,10,IT
1309,9,3.0,54288.083532911856,27,Operations
1310,3,1.0,51865.374958115724,9,HR
1311,8,2.0,66383.036622859,2,IT
1312,2,,56866.37201687041,28,Finance
1313,7,2.0,48623.05556550196,26,IT
1314,2,3.0,45445.84824096244,16,IT
1315,4,3.0,81873.06732581105,14,HR
1316,7,3.0,42548.075521500126,8,Finance
1317,3,1.0,63346.3134057075,9,Finance
1318,2,2.0,75842.76209439142,7,Sales
1319,10,4.0,76567.42478163949,20,Sales
1320,7,2.0,50975.2139672784,12,Sales
1321,1,2.0,56907.22799061356,26,HR
1322,8,1.0,53997.09748478441,17,IT
1323,3,3.0,36974.718560011876,4,Finance
1324,2,5.0,68062.76074530173,5,Finance
1325,3,1.0,60577.55468452213,29,IT
1326,5,2.0,81608.77620902818,16,Finance
1327,8,2.0,47651.92354047866,10,IT
1328,10,4.0,76330.44837926544,19,HR
1329,7,3.0,77388.51225426307,15,HR
1330,7,3.0,60706.07530211831,8,HR
1331,7,4.0,27437.07643749496,1,IT
1332,8,3.0,52311.48513833564,4,IT
1333,1,5.0,86788.06686456176,0,Operations
1334,4,4.0,64455.83657237864,3,Finance
1335,6,2.0,70400.9955880783,3,Finance
1336,9,2.0,58662.50127547547,21,Operations
1337,2,1.0,56648.35635205307,25,Operations
1338,1,2.0,31989.831469507408,24,HR
1339,10,,71921.0882558296,2,Operations
1340,2,3.0,76195.21807083565,8,IT
1341,7,2.0,45737.06571799968,21,Sales
1342,3,4.0,57317.173177375385,22,IT
1343,10,3.0,55293.88083968564,11,Operations
1344,2,1.0,66302.29940979429,9,Finance
1345,7,2.0,51834.54627736357,1,IT
1346,2,3.0,73970.11384774503,10,Finance
1347,3,4.0,61069.864741867335,9,IT
1348,7,1.0,21758.654166229535,29,Finance
1349,4,2.0,66640.80412788964,21,IT
1350,1,3.0,74945.26481386177,5,Finance
1351,5,2.0,42719.07509602592,17,Sales
1352,9,3.0,66130.90402461862,1,HR
1353,8,3.0,87449.39504631315,29,IT
1354,9,2.0,61680.99562767358,1,Sales
1355,10,,77124.43296494235,9,HR
1356,9,3.0,53367.675446452195,15,IT
1357,7,1.0,59730.53567314266,11,Sales
1358,4,3.0,56930.680681104815,0,Sales
1359,5,4.0,54193.193604786655,20,Sales
1360,1,4.0,57784.16932375386,7,Operations
1361,1,2.0,35539.77328613524,15,Finance
1362,3,,55036.79798425055,17,HR
1363,8,3.0,80067.09683140178,12,Finance
1364,2,2.0,45544.6491472225,14,Finance
1365,4,2.0,44008.00092790034,20,Finance
1366,2,1.0,60918.18557092133,11,Sales
1367,5,4.0,61667.747150358664,7,Finance
1368,9,1.0,65661.9707858098,9,Operations
1369,1,1.0,58293.921402230415,13,IT
1370,5,5.0,61077.962466875004,4,Sales
1371,9,2.0,54736.72839556501,17,HR
1372,1,1.0,40863.05767050054,18,IT
1373,9,1.0,58929.12197534024,14,IT
1374,8,1.0,70868.95494663696,5,IT
1375,4,2.0,67725.81939528501,26,Finance
1376,10,4.0,33836.368095910686,10,Finance
1377,5,2.0,63778.88044963624,20,Sales
1378,5,1.0,46608.45711214246,10,Finance
1379,6,4.0,80882.46007832073,19,Finance
1380,7,4.0,64894.046743925705,19,Finance
1381,8,3.0,73444.2594019591,20,Sales
1382,8,3.0,60317.522166222894,17,Sales
1383,2,2.0,59009.17501653784,24,Operations
1384,9,3.0,82437.6737647987,17,Operations
1385,7,3.0,74591.61594937525,9,Operations
1386,4,2.0,61767.879783713215,1,Operations
1387,4,,57005.00360793903,25,IT
1388,8,1.0,34392.37911703695,29,IT
1389,4,4.0,64868.5130231121,8,Operations
1390,6,1.0,58108.44046020428,13,Operations
1391,5,4.0,68309.34070623414,18,HR
1392,3,3.0,72867.28262302179,9,IT
1393,10,4.0,78493.8164257087,22,HR
1394,2,1.0,65054.893663416064,3,HR
1395,9,3.0,44304.59302307692,28,Finance
1396,10,3.0,27760.296736228003,28,Sales
1397,9,4.0,47629.50209464812,5,IT
1398,1,3.0,80002.32749257602,13,Operations
1399,10,3.0,87352.37203949162,3,Operations
1400,3,3.0,56431.48872346237,25,Sales
1401,8,2.0,38085.611185764734,14,IT
1402,6,3.0,50273.7963749574,15,Operations
1403,5,1.0,77067.08734046806,6,Operations
1404,5,,51134.8023970934,16,Finance
1405,6,4.0,68836.85921501271,18,HR
1406,7,,62528.374519470526,28,Operations
1407,1,2.0,70650.0488855558,18,IT
1408,9,5.0,87270.16498420556,16,Sales
1409,3,4.0,68846.72213301508,5,Finance
1410,4,4.0,62203.74414956894,28,IT
1411,10,3.0,88925.60348713379,10,Finance
1412,1,2.0,65243.28152437592,15,HR
1413,10,4.0,48105.787540025995,29,Operations
1414,3,3.0,70311.97934654228,24,IT
1415,2,1.0,66711.83313199456,7,Sales
1416,2,2.0,55381.464865941,10,HR
1417,1,,52236.209213005895,6,HR
1418,8,5.0,55526.10769027638,25,Finance
1419,3,,52021.65963747365,23,HR
1420,3,3.0,56013.602719306626,21,IT
1421,6,2.0,47358.05096637208,24,Finance
1422,8,2.0,65792.32032239724,18,HR
1423,9,2.0,64668.019709382286,25,Sales
1424,9,1.0,65178.02665844204,9,IT
1425,4,2.0,59064.45990845019,8,Sales
1426,5,2.0,57335.05115962407,3,Sales
1427,2,3.0,81630.08696480273,22,Finance
1428,9,,61011.08830256704,14,Operations
1429,8,3.0,78956.50269083216,12,Finance
1430,3,5.0,45053.76025250529,24,IT
1431,9,3.0,68837.66751302069,1,IT
1432,3,2.0,48979.454450099765,1,Finance
1433,9,2.0,51657.721075599984,15,Operations
1434,2,1.0,53821.41240108673,8,Finance
1435,10,2.0,52881.01547094333,27,IT
1436,9,4.0,52955.93015277224,12,Operations
1437,8,1.0,78259.12634835848,2,IT
1438,9,2.0,60681.1675967646,8,Operations
1439,5,2.0,63375.83083814414,12,Operations
1440,2,,53142.60054672825,20,Finance
1441,8,4.0,72854.08955577163,21,Finance
1442,6,4.0,65325.84417358379,1,Finance
1443,8,1.0,55366.070334753924,7,Operations
1444,5,4.0,36235.74161060035,26,Operations
1445,10,4.0,63244.44687602806,8,IT
1446,2,3.0,68635.19283803187,15,Sales
1447,6,,45317.2824251498,1,Finance
1448,5,2.0,55569.08071951257,5,IT
1449,5,,68057.40752191434,21,IT
1450,1,,36436.07914317348,7,HR
1451,2,1.0,50267.21724885165,25,Finance
1452,8,3.0,65653.63412439602,27,IT
1453,3,,76575.27658277415,4,HR
1454,10,1.0,92786.69718406751,8,Finance
1455,3,3.0,89379.82152550636,0,Operations
1456,8,,62156.54223474014,8,HR
1457,8,3.0,52736.59677777071,9,Operations
1458,2,2.0,73846.8340165633,22,Sales
1459,8,3.0,51846.10614414514,3,Sales
1460,1,2.0,48568.570725815225,2,Sales
1461,6,3.0,55421.009214523496,29,Sales
1462,8,1.0,53539.9004973434,9,IT
1463,3,3.0,66189.45934598813,14,Sales
1464,8,3.0,50963.97566798458,10,IT
1465,1,4.0,61276.83085946722,13,IT
1466,9,3.0,83924.3017710798,5,Finance
1467,9,3.0,61832.11071111072,11,IT
1468,5,4.0,82751.13432182667,12,IT
1469,10,1.0,78030.84901598924,16,Sales
1470,4,3.0,68880.60355050949,15,IT
1471,6,2.0,54687.7081509222,2,Operations
1472,7,,75607.61966023657,1,Sales
1473,5,1.0,56250.376220428894,10,HR
1474,10,3.0,59969.855174595585,28,Sales
1475,9,4.0,64952.980112483914,8,IT
1476,3,3.0,59919.48791409777,2,Operations
1477,7,1.0,49195.984223841944,28,Sales
1478,10,3.0,37093.51627525696,17,Operations
1479,10,3.0,74386.99395488219,19,HR
1480,5,4.0,342775.65951047704,14,HR
1481,7,2.0,34190.835112554865,13,Finance
1482,2,3.0,48798.18975694715,1,Finance
1483,4,3.0,62685.98143910077,16,Sales
1484,2,4.0,66638.58530340852,21,Finance
1485,7,3.0,37223.195115493625,25,Operations
1486,2,3.0,58661.42000186368,7,Finance
1487,1,2.0,68094.81892880946,9,Operations
1488,9,1.0,54727.322971510795,25,Finance
1489,1,2.0,63837.4447265159,17,Finance
1490,8,1.0,52686.72176933285,29,Finance
1491,2,3.0,73637.94527549282,24,IT
1492,8,3.0,48010.714292005934,28,IT
1493,3,2.0,42868.8264135843,18,Finance
1494,6,,60433.90296092326,7,Operations
1495,3,1.0,38497.11041567256,27,Sales
1496,7,4.0,28423.332179058147,7,HR
1497,10,3.0,76256.0294708102,2,IT
1498,9,2.0,45236.63277658772,2,Finance
1499,2,1.0,39995.22626124281,11,HR
1500,5,3.0,47823.61834575588,21,IT
1501,6,2.0,47150.24052883807,16,Sales
1502,4,,57868.32808254684,3,Operations
1503,4,3.0,43597.6989947105,16,Finance
1504,4,,67472.79213384233,13,Sales
1505,2,2.0,69693.51196736573,18,IT
1506,4,4.0,40875.12824076697,8,Finance
1507,1,3.0,50728.55065577418,29,HR
1508,6,4.0,52154.14139942121,29,Operations
1509,1,2.0,57524.889579504874,20,IT
1510,10,4.0,76240.25275475523,11,Operations
1511,6,3.0,77104.70122503913,4,Finance
1512,1,4.0,97483.0107924868,10,Sales
1513,6,2.0,25959.391062687326,19,Operations
1514,10,5.0,46135.564152725565,2,HR
1515,8,1.0,87210.13771612475,20,IT
1516,2,4.0,32989.49523334748,14,HR
1517,2,5.0,86868.9759625606,13,Operations
1518,4,4.0,62210.26909714867,10,Sales
1519,3,3.0,62761.991595338164,19,Sales
1520,4,3.0,40803.03020820794,7,HR
1521,7,,53232.551699935546,3,Finance
1522,1,2.0,86210.6453956486,26,Finance
1523,6,3.0,59284.7529713816,11,Sales
1524,3,4.0,53332.51457684692,7,HR
1525,10,4.0,66085.78794568854,5,HR
1526,7,2.0,57116.73599546014,14,HR
1527,10,4.0,65177.26724709661,29,Operations
1528,2,4.0,47253.88001760118,11,Finance
1529,2,1.0,58842.71027087842,15,Finance
1530,4,,50383.85601838922,15,Operations
1531,1,1.0,32940.500389579836,26,IT
1532,3,2.0,67229.36680871528,20,Operations
1533,9,1.0,41493.40737666667,19,HR
1534,7,1.0,57528.88604843847,19,Operations
1535,7,,73891.02368741867,27,HR
1536,4,2.0,37532.798151893556,3,Sales
1537,2,3.0,69070.26145424403,10,HR
1538,4,2.0,55502.798145470064,12,Finance
1539,6,3.0,45502.14898609404,28,Operations
1540,3,3.0,90343.84933329103,8,HR
1541,1,2.0,59991.65556367747,3,IT
1542,8,2.0,51478.606656348886,11,Sales
1543,5,5.0,48296.80616450397,8,IT
1544,5,2.0,73217.43702655044,12,IT
1545,4,3.0,50819.156603048825,15,IT
1546,6,2.0,71347.77147811539,25,Sales
1547,3,4.0,59962.80253315259,5,Sales
1548,9,2.0,76742.82096650773,9,Sales
1549,5,3.0,44361.90828775674,12,Sales
1550,3,2.0,46454.05141355994,6,IT
1551,1,,55784.92028954897,27,Finance
1552,10,2.0,57029.00253712836,25,Finance
1553,6,4.0,54681.64456954484,18,Sales
1554,2,3.0,99471.60608139777,23,Operations
1555,3,2.0,90948.70506527861,18,HR
1556,1,4.0,64485.826122315644,16,Operations
1557,9,2.0,66254.58111075686,12,Operations
1558,8,5.0,56453.517298806284,12,Operations
1559,2,,44252.61699722804,25,Finance
1560,8,5.0,57268.91639167122,27,HR
1561,9,1.0,71566.7662719308,20,Operations
1562,1,4.0,79584.40142352013,1,Sales
1563,5,3.0,74935.62630784058,9,Finance
1564,8,5.0,37353.38560268683,29,Sales
1565,2,3.0,55661.5848276943,21,Sales
1566,4,4.0,37966.986527010115,12,Operations
1567,7,3.0,77532.65336104078,25,Sales
1568,3,3.0,53814.23407799501,8,HR
1569,5,1.0,59293.34826553451,0,Sales
1570,8,4.0,67200.75402007502,13,Operations
1571,10,3.0,101492.09879717848,28,Sales
1572,3,3.0,64024.12409684289,15,Finance
1573,4,4.0,56425.93443290622,19,Finance
1574,9,3.0,41384.3681819454,14,Finance
1575,7,2.0,81879.59172754658,0,IT
1576,1,3.0,57275.45303554387,16,Finance
1577,4,3.0,84857.13697391549,23,Finance
1578,4,3.0,76584.19669423085,29,IT
1579,9,1.0,53055.658460872924,29,Finance
1580,6,2.0,39115.85728716143,12,Operations
1581,9,2.0,64088.5367580541,29,Finance
1582,6,4.0,50776.44706842597,26,Finance
1583,6,1.0,60590.18763684459,14,IT
1584,5,3.0,75735.74410281506,15,Operations
1585,5,,35196.2682656275,15,Sales
1586,2,1.0,63969.20766102321,1,HR
1587,8,3.0,71393.94286328605,16,Operations
1588,8,4.0,72121.65842634095,10,Sales
1589,1,,39546.86743218866,7,Operations
1590,8,4.0,66290.04704660946,19,Sales
1591,5,4.0,78053.04872860039,2,Sales
1592,2,4.0,65148.50697600113,28,Operations
1593,2,3.0,58264.58690837195,11,IT
1594,6,4.0,77094.19410860166,19,Operations
1595,9,1.0,49585.21784341755,15,Operations
1596,1,,37052.50637695094,13,Sales
1597,6,3.0,56991.03277603602,15,HR
1598,9,3.0,68025.67787555998,26,Sales
1599,8,2.0,75584.05142154651,20,Finance
1600,6,4.0,67957.53861251898,16,Operations
1601,3,1.0,72537.31603087287,29,Operations
1602,8,5.0,75679.67145155939,10,IT
1603,9,4.0,54909.34490552834,16,Sales
1604,1,2.0,57780.91047138615,18,IT
1605,9,4.0,79307.51689724813,21,Operations
1606,6,4.0,41847.644636539684,0,Sales
1607,6,3.0,66436.99292283443,29,Sales
1608,4,2.0,49249.36756624468,26,Finance
1609,1,2.0,76503.92404846454,11,Finance
1610,10,2.0,59730.9677913729,14,HR
1611,8,2.0,60113.90903067186,17,Finance
1612,2,,85933.19831095029,27,Sales
1613,1,1.0,43859.358308270304,29,Finance
1614,2,4.0,63237.292098279046,22,HR
1615,1,2.0,57298.108033532684,13,Operations
1616,1,3.0,67986.16974064546,29,Finance
1617,9,4.0,88939.96180033419,0,Sales
1618,1,5.0,50921.37735112226,12,Operations
1619,4,2.0,42039.03431468933,29,Sales
1620,10,3.0,47860.088614769906,14,Operations
1621,6,3.0,56507.72876668622,6,Sales
1622,7,1.0,60963.462505549905,14,Finance
1623,2,2.0,61717.931936798734,19,Finance
1624,6,3.0,87039.91426763151,9,HR
1625,7,3.0,84372.58566982263,13,Operations
1626,10,4.0,79544.1973360044,5,HR
1627,10,2.0,97716.57954926013,13,IT
1628,2,3.0,72361.47684993947,23,Finance
1629,2,3.0,76625.3262526896,24,Operations
1630,10,4.0,72071.55782840648,21,HR
1631,7,5.0,69613.5797069068,11,HR
1632,1,3.0,65915.94786274263,10,IT
1633,8,4.0,54047.144326270194,28,HR
1634,3,2.0,41298.326282432026,29,Sales
1635,6,3.0,58040.1904655683,24,Finance
1636,9,2.0,68486.60549508095,19,HR
1637,6,3.0,61083.92851460985,21,HR
1638,9,4.0,44019.96458821116,23,IT
1639,7,5.0,57511.75425024932,24,Sales
1640,9,1.0,56729.95787125293,18,HR
1641,2,3.0,59064.6803704683,1,Finance
1642,8,3.0,67363.73023389989,21,Finance
1643,8,1.0,70593.87055365453,19,HR
1644,2,2.0,52499.22823538171,0,Sales
1645,4,2.0,74716.81782018772,7,Finance
1646,7,2.0,76974.57179502468,24,Finance
1647,4,2.0,64804.52899572818,13,Sales
1648,4,2.0,69971.25407929602,8,Sales
1649,6,2.0,74763.47163692923,1,HR
1650,10,4.0,43535.330256307934,24,Operations
1651,6,3.0,75820.97002472694,22,IT
1652,10,,48149.0869110307,4,Operations
1653,3,3.0,49609.47545057432,22,Operations
1654,9,4.0,62944.337517221415,28,Finance
1655,10,5.0,27839.39811487996,24,Sales
1656,2,4.0,62634.30462338641,7,Finance
1657,6,3.0,74726.71420433704,15,IT
1658,7,4.0,35311.14230330975,21,HR
1659,9,2.0,76335.13986819677,15,IT
1660,3,2.0,49518.18572208818,12,Finance
1661,10,3.0,63102.92670739201,19,Finance
1662,3,3.0,51696.38239491807,28,Finance
1663,7,1.0,68593.77726193568,14,Finance
1664,4,,75374.21334245645,0,Operations
1665,8,4.0,69705.15546573747,21,HR
1666,7,3.0,59940.2827575945,2,Operations
1667,5,,52862.16995109862,5,Finance
1668,7,3.0,58960.4695594333,21,Sales
1669,3,,69839.57197439462,13,Operations
1670,2,3.0,70353.99598759378,3,Finance
1671,6,1.0,68262.39873264183,17,Finance
1672,2,4.0,40761.33687664433,14,HR
1673,3,4.0,59654.66312346885,8,IT
1674,6,4.0,50498.56553704273,17,Operations
1675,5,,69973.93529858741,2,Operations
1676,8,4.0,48525.42369932105,9,Operations
1677,9,3.0,66780.80637126337,16,Finance
1678,3,5.0,55767.183587782056,6,HR
1679,10,4.0,31813.55725101388,14,Finance
1680,3,3.0,73964.38928831996,0,Finance
1681,3,5.0,59620.69167204064,26,Sales
1682,6,2.0,79139.65943648538,24,HR
1683,1,4.0,35020.363819835446,26,Operations
1684,7,5.0,55627.18033623756,10,IT
1685,1,4.0,56753.93368560203,16,Operations
1686,5,4.0,64053.094368574675,4,Finance
1687,10,4.0,40122.19043764501,6,HR
1688,8,3.0,68160.56785160668,18,HR
1689,4,5.0,88674.9360942155,24,HR
1690,5,2.0,67118.06019698297,23,Sales
1691,4,1.0,61393.086027352685,28,Operations
1692,4,2.0,39338.1388946194,14,Sales
1693,8,3.0,48386.30829664462,2,IT
1694,2,3.0,59162.32648765841,14,Finance
1695,1,4.0,52053.35293735756,4,Sales
1696,3,3.0,75393.84639406478,22,Sales
1697,9,3.0,68005.54801452957,11,Finance
1698,4,1.0,100385.67881470456,29,HR
1699,10,3.0,45287.12345363563,19,Finance
1700,5,3.0,60496.71917087599,4,Operations
1701,2,1.0,39247.61441198563,2,Finance
1702,4,2.0,26663.38838114513,8,HR
1703,2,2.0,70840.81469179729,25,Finance
1704,2,1.0,67449.23074451034,8,Sales
1705,4,3.0,47181.143480313156,6,IT
1706,6,2.0,61395.44429390135,25,Sales
1707,7,4.0,50560.98601611683,1,IT
1708,10,4.0,52586.88817735086,22,Finance
1709,3,3.0,55195.73080850589,22,Operations
1710,3,,46551.52233893583,26,Finance
1711,10,3.0,49250.25135270065,20,HR
1712,6,3.0,49673.46834083619,15,Finance
1713,3,,66343.18270129996,8,IT
1714,2,2.0,18386.697360227787,12,Sales
1715,8,,56585.56107772796,27,Operations
1716,5,1.0,43684.7718519349,26,Finance
1717,1,3.0,44226.70970662079,18,Finance
1718,3,1.0,52115.19938874413,19,Sales
1719,10,4.0,59784.904350402634,16,Operations
1720,8,3.0,56783.8220743996,5,Finance
1721,4,4.0,44039.092353026936,3,Finance
1722,7,2.0,70825.44777668365,0,IT
1723,10,2.0,46460.94019709264,17,IT
1724,2,1.0,48979.40616110823,18,HR
1725,7,2.0,64267.37678841775,8,Sales
1726,5,,64805.52846439113,12,Operations
1727,5,2.0,50824.50508300532,7,Finance
1728,6,4.0,15957.569548512656,22,Finance
1729,9,4.0,46717.63670118227,12,HR
1730,6,2.0,62428.322793603846,14,Finance
1731,8,3.0,70329.12080535045,10,Sales
1732,7,1.0,58810.5501370733,11,HR
1733,9,1.0,52815.209293865766,13,Sales
1734,4,1.0,94398.16508548986,3,HR
1735,2,3.0,54412.708177419685,0,Finance
1736,7,3.0,69183.49030186658,23,HR
1737,6,3.0,39974.21856859656,3,IT
1738,1,3.0,43647.482261865494,18,Operations
1739,9,2.0,69709.88417193337,8,Finance
1740,9,4.0,75668.41913678056,9,Operations
1741,2,4.0,54154.24664709894,3,Finance
1742,3,1.0,32270.46462554219,19,Operations
1743,5,2.0,57486.63990898162,29,IT
1744,5,4.0,62841.08851169342,8,Operations
1745,1,2.0,61482.27058393237,12,HR
1746,8,4.0,51549.15502558492,11,Operations
1747,8,2.0,57706.738211085925,10,Finance
1748,4,2.0,48753.347335738414,11,Sales
1749,7,2.0,43322.426643947096,29,Operations
1750,10,2.0,71335.02780970208,17,Operations
1751,3,3.0,61466.97470104066,29,Operations
1752,6,3.0,57739.74662066505,11,Finance
1753,10,4.0,52392.78385841758,15,Operations
1754,10,5.0,57297.3966519738,4,Finance
1755,9,3.0,62404.746431804946,19,Finance
1756,1,4.0,85930.2236372146,24,Sales
1757,5,2.0,69818.05274740716,11,HR
1758,4,3.0,50005.36317076371,20,Finance
1759,8,4.0,50163.54385941464,24,IT
1760,1,2.0,47824.783495131065,10,Operations
1761,9,3.0,56992.192031205384,8,IT
1762,6,2.0,47813.22824638673,29,Operations
1763,4,3.0,67122.35617484439,17,Sales
1764,9,5.0,20347.256163029204,29,Finance
1765,5,5.0,68027.52463912117,24,HR
1766,5,4.0,64130.66231708146,2,Finance
1767,5,4.0,78941.13724721459,19,Operations
1768,1,3.0,73151.8433183093,16,HR
1769,1,3.0,49744.533221189195,13,Finance
1770,8,1.0,71464.47121407761,0,HR
1771,8,3.0,57478.98784178549,16,Operations
1772,6,3.0,30985.398638335948,24,Sales
1773,4,,62382.47909593338,26,Sales
1774,2,3.0,50636.198691439575,7,Finance
1775,2,3.0,60003.322745954996,4,IT
1776,9,3.0,84771.74745412865,4,Operations
1777,5,3.0,63371.80354098238,8,Finance
1778,4,4.0,44739.97723215006,2,Finance
1779,10,2.0,74466.22508424305,18,Sales
1780,1,3.0,65438.13855204658,22,HR
1781,7,4.0,42972.572564521375,8,Operations
1782,3,3.0,35906.43348788016,21,HR
1783,6,2.0,45339.93661171919,29,Operations
1784,5,4.0,72544.52701007584,17,IT
1785,5,4.0,55475.96799535431,15,Sales
1786,5,1.0,61217.137784331164,0,IT
1787,1,4.0,39922.05493835747,1,Finance
1788,1,4.0,72948.28468526134,13,Sales
1789,3,3.0,29772.245034633943,13,Finance
1790,10,,50169.33725898473,0,IT
1791,4,4.0,66276.9578867069,25,Operations
1792,5,4.0,215802.64162204912,25,Finance
1793,2,4.0,69211.93919175664,24,HR
1794,8,2.0,46962.09032172596,15,Operations
1795,2,2.0,41608.941107755396,14,Operations
1796,9,3.0,79297.23096966711,25,IT
1797,2,2.0,62308.952896485076,14,IT
1798,9,3.0,67785.5411707444,11,Sales
1799,7,5.0,75273.14376829045,15,Sales
1800,8,4.0,20710.51575748605,13,HR
1801,2,3.0,69521.73959955478,28,Operations
1802,7,5.0,48584.62223258479,23,HR
1803,6,4.0,50560.908138391285,14,HR
1804,4,3.0,66561.6161649838,22,IT
1805,7,2.0,54554.38839885821,14,HR
1806,4,3.0,68917.81613184781,18,HR
1807,2,4.0,59387.35548725877,7,Finance
1808,10,3.0,62523.135220260854,1,Sales
1809,7,4.0,52646.67611977066,1,Sales
1810,8,1.0,44026.00066262793,26,Operations
1811,2,4.0,48895.236438787426,9,Sales
1812,5,4.0,292288.1902140042,2,Operations
1813,1,4.0,87558.57589161808,22,Finance
1814,7,,82078.59598670313,16,Sales
1815,8,4.0,50200.56033210908,7,Finance
1816,6,,60903.86515998713,27,Sales
1817,5,,55684.15539080928,22,Sales
1818,6,4.0,61953.999283035366,3,Finance
1819,2,4.0,63883.69121314164,13,HR
1820,1,1.0,67912.72523633402,20,HR
1821,7,3.0,16482.91827273887,9,HR
1822,7,3.0,65497.4799883041,28,HR
1823,10,2.0,54016.1845617503,0,Sales
1824,10,2.0,49425.93128652594,3,IT
1825,2,,71913.85017243105,0,Finance
1826,2,5.0,82002.36624607153,16,IT
1827,1,4.0,70335.0471606211,25,IT
1828,10,3.0,52221.72589183358,16,Operations
1829,8,1.0,43859.91524791634,6,HR
1830,8,1.0,14906.333578354795,22,Sales
1831,1,2.0,62737.73994872034,19,HR
1832,8,1.0,68685.24161691655,14,HR
1833,9,1.0,58472.047348529544,12,IT
1834,4,,74006.19313256988,27,Operations
1835,1,4.0,40197.14646251261,1,HR
1836,1,2.0,57431.41565317427,27,Finance
1837,3,1.0,56245.485606181646,18,Finance
1838,5,3.0,58348.36973615901,23,HR
1839,5,1.0,77518.9749443086,12,IT
1840,9,,58427.36663851856,23,IT
1841,10,3.0,55578.11323841206,10,Sales
1842,2,3.0,45949.59780284203,26,Operations
1843,2,2.0,79928.69207132189,21,IT
1844,6,1.0,38532.05666132059,14,Sales
1845,9,3.0,51705.00850728881,9,Finance
1846,1,4.0,85409.0560064624,8,Finance
1847,9,4.0,67023.64947107302,26,Finance
1848,9,1.0,59697.35022448095,27,HR
1849,9,3.0,60325.38083289426,8,Operations
1850,5,3.0,45804.33018963273,19,Sales
1851,9,5.0,58972.09132713713,27,Operations
1852,4,2.0,54752.0124150631,0,HR
1853,2,2.0,62694.42899182506,16,Sales
1854,6,3.0,37406.37921560537,11,Sales
1855,4,3.0,65967.78011653978,9,IT
1856,6,3.0,75249.44512329463,4,Operations
1857,3,3.0,56942.6531231914,29,Operations
1858,6,3.0,69706.47589958711,28,IT
1859,2,5.0,64655.19412266866,17,Finance
1860,2,3.0,50883.89789750916,14,HR
1861,9,,44122.11470314328,5,Operations
1862,7,3.0,46224.17266919012,6,IT
1863,3,,64393.38853732072,16,Sales
1864,1,4.0,59157.823020221935,5,IT
1865,8,2.0,79126.39532822547,7,Finance
1866,6,5.0,71863.05168305841,11,HR
1867,7,1.0,71831.77474690952,20,Finance
1868,9,,63946.21202568334,13,Sales
1869,5,3.0,45567.01576017503,11,Sales
1870,1,1.0,64880.08943962488,22,Sales
1871,10,3.0,60957.797475423344,9,Sales
1872,7,,42924.27917166378,21,IT
1873,5,1.0,78149.23887838068,19,Sales
1874,3,3.0,76534.34062393729,14,Sales
1875,9,4.0,42837.7628337441,6,IT
1876,1,4.0,50433.076423252074,25,Sales
1877,1,3.0,51750.74670839285,8,Finance
1878,1,2.0,69147.77315699423,9,Finance
1879,3,1.0,67420.87770680994,9,Operations
1880,6,3.0,60666.10819179535,15,Finance
1881,10,3.0,64107.859205986875,28,HR
1882,3,,40685.517053317,6,HR
1883,8,1.0,65720.41922037679,27,HR
1884,10,4.0,58486.719366808946,29,IT
1885,2,1.0,49814.352261621156,4,Finance
1886,9,2.0,37012.405891045215,22,HR
1887,3,3.0,60404.41734279528,2,Operations
1888,5,3.0,65354.39844326715,17,IT
1889,10,4.0,34462.77297440119,10,Operations
1890,8,,60277.291059846444,14,Finance
1891,2,3.0,61833.59627772743,20,Sales
1892,6,,51686.55685278509,19,Operations
1893,5,5.0,65697.57303592762,4,Sales
1894,10,3.0,58010.0637558402,23,IT
1895,9,4.0,64247.56508004545,11,Operations
1896,5,3.0,68013.70399312583,3,Operations
1897,2,1.0,68022.10359225786,14,IT
1898,5,4.0,75252.30740169753,8,IT
1899,4,1.0,65074.8778317687,6,HR
1900,7,3.0,52844.38888834769,9,Finance
1901,6,4.0,50283.14932870204,28,Operations
1902,2,1.0,44050.368706970665,27,Operations
1903,5,2.0,62267.69464669359,22,IT
1904,7,,79819.67571978785,12,IT
1905,7,3.0,54623.21091019275,28,Finance
1906,5,2.0,66744.1237156494,7,IT
1907,9,4.0,48715.799932272595,11,Sales
1908,4,3.0,62922.073727409515,21,Sales
1909,3,3.0,78890.2069211166,23,Sales
1910,4,,70293.71959997914,18,Sales
1911,5,4.0,36437.81950291265,25,Finance
1912,6,2.0,68560.42224053317,25,Operations
1913,3,4.0,69243.38668190328,29,Sales
1914,2,5.0,62602.304598406336,0,IT
1915,4,1.0,70012.83169053512,15,Sales
1916,5,2.0,47497.46940423692,21,Finance
1917,4,2.0,60948.94732206129,16,IT
1918,3,4.0,76652.60911407153,24,Sales
1919,8,3.0,75299.24225199551,29,Operations
1920,10,3.0,68220.67461008957,17,IT
1921,4,,46755.07164748675,10,IT
1922,2,4.0,44393.043440710826,17,Operations
1923,2,1.0,61718.15511665031,6,IT
1924,1,2.0,62711.613580887606,17,Sales
1925,4,3.0,58494.42341584115,25,IT
1926,10,2.0,47928.22532705021,7,Sales
1927,9,4.0,66554.41613085591,5,Operations
1928,7,5.0,61652.48023041812,29,HR
1929,10,2.0,64347.3647482571,6,Operations
1930,7,3.0,68901.50639436166,22,Sales
1931,7,4.0,55895.25318482981,21,Finance
1932,8,3.0,52668.62433930845,9,Operations
1933,1,2.0,76613.47984962935,10,Finance
1934,10,3.0,48639.622702047476,24,Finance
1935,10,1.0,52962.38700806988,12,Sales
1936,8,,78513.7172314121,8,Sales
1937,4,1.0,51794.6362348551,6,HR
1938,4,3.0,58520.7353453916,8,IT
1939,4,3.0,53820.45196330458,12,Operations
1940,6,,33251.67778074303,25,Sales
1941,7,2.0,58150.38521992805,2,Operations
1942,6,1.0,44840.67354632178,2,Finance
1943,1,1.0,63818.706489653414,0,IT
1944,8,2.0,76584.57765061667,20,HR
1945,10,2.0,26787.39400239518,19,Operations
1946,7,3.0,53896.2452399958,1,IT
1947,6,2.0,66784.84849447472,24,HR
1948,6,1.0,27249.766223553335,2,Operations
1949,5,4.0,80043.98040633347,14,IT
1950,6,2.0,65698.38055205226,23,Sales
1951,9,2.0,76248.19232897852,5,Operations
1952,10,2.0,51540.78205332856,29,IT
1953,9,,53350.18844585714,12,HR
1954,10,2.0,57585.95467801396,20,IT
1955,8,5.0,92073.1357132731,0,Sales
1956,10,4.0,79771.580407456,19,Operations
1957,9,1.0,61985.21549263121,18,Operations
1958,10,,63816.02657476176,0,Operations
1959,8,2.0,69523.557173774,27,Sales
1960,8,1.0,95873.32231487188,20,HR
1961,1,4.0,65740.79689585576,21,Operations
1962,10,4.0,60689.39094178155,1,HR
1963,5,3.0,54921.02405077518,14,IT
1964,4,2.0,63523.72871279161,13,HR
1965,2,3.0,51194.67272473186,18,HR
1966,8,4.0,67441.3850711531,10,Operations
1967,3,2.0,38511.05055312689,29,Finance
1968,4,2.0,56092.49115890501,14,Finance
1969,7,1.0,71019.49282091005,5,Sales
1970,10,2.0,65536.8548150603,19,Sales
1971,9,5.0,53060.63069922522,8,Finance
1972,2,3.0,56519.632343750425,4,IT
1973,3,,75530.02030038317,19,Operations
1974,4,2.0,41843.97455964868,1,Operations
1975,10,4.0,41931.09528133005,5,IT
1976,1,2.0,46055.49071733754,25,IT
1977,7,2.0,59839.83203600035,17,Finance
1978,2,2.0,39648.92899115712,27,Sales
1979,5,2.0,74295.02389148972,28,IT
1980,1,3.0,46135.61311716202,22,Sales
1981,3,,63365.33336614694,18,HR
1982,2,4.0,51313.903486208954,8,Operations
1983,1,2.0,59017.54378740411,26,Finance
1984,7,1.0,35949.81135511884,20,Operations
1985,5,1.0,75019.74367814935,23,Finance
1986,1,3.0,45577.53002442898,26,HR
1987,6,4.0,44006.74918434446,5,Operations
1988,5,,95685.1352010314,13,HR
1989,3,1.0,68314.60966436412,27,Finance
1990,7,3.0,74436.24612424613,25,IT
1991,10,3.0,66883.37094542848,23,Operations
1992,9,4.0,53212.79160020397,28,HR
1993,9,3.0,40397.25213817484,12,Operations
1994,9,4.0,55517.69418861512,10,Operations
1995,2,4.0,45327.60983211656,11,Operations
1996,3,1.0,46228.27241348221,18,Sales
1997,7,4.0,36252.190065454546,18,HR
1998,5,1.0,61717.13939693244,20,HR
1999,2,4.0,83601.1822128877,26,Operations
2000,3,3.0,68372.05084539673,25,IT
